idx,question,answer,direct_answer,selfcrit_answer,selfcrit_final_span,api,model,gold_answer,direct_correct,direct_uncertain,direct_hallucination,selfcrit_correct,selfcrit_uncertain,selfcrit_hallucination
1,Nguyên tố có số hiệu nguyên tử 1 là gì?,hydrogen,Hydro (H),"Đáp án:

Bước 1: Nháp
Nguyên tố có số hiệu nguyên tử 1 là Hydro (H).

Bước 2: Tự kiểm
- Có thể sai: Không có thông tin nào cho thấy nguyên tố có số hiệu nguyên tử 1 khác với Hydro.
- Thiếu: Không đề cập đến các loại nguyên tố khác.

Bước 3: Cuối cùng
Nguyên tố có số hiệu nguyên tử 1 là Hydro (H).","Cuối cùng
Nguyên tố có số hiệu nguyên tử 1 là Hydro (H).",ollama,llama3.2,hydrogen,False,False,True,False,False,True
2,Công thức hóa học của nước là gì?,H2O,Công thức hóa học của nước là H2O.,"Công thức hóa học của nước là H2O.

Điểm có thể sai hoặc thiếu:

- Không có thông tin về nguồn gốc hoặc lịch sử của công thức này.

Vậy đáp án cuối cùng là: Công thức hóa học của nước là H2O.",cuối cùng là: Công thức hóa học của nước là H2O.,ollama,llama3.2,H2O,True,False,False,True,False,False
3,Tốc độ ánh sáng trong chân không là bao nhiêu?,299792458 m/s,Tốc độ ánh sáng trong chân không là khoảng 299.792 kilômét/giây (km/s) hoặc 186.282 miles/đây (mi/s).,Tốc độ ánh sáng trong chân không được xác định là khoảng 299.792.458 mét/giây (m/s) theo quy chuẩn quốc tế.,Tốc độ ánh sáng trong chân không được xác định là khoảng 299.792.458 mét/giây (m/s) theo quy chuẩn quốc tế.,ollama,llama3.2,299792458 m/s,False,False,True,False,False,True
4,Nhiệt độ sôi của nước ở áp suất tiêu chuẩn?,100°C,"Không chắc chắn về nhiệt độ sôi của nước ở áp suất tiêu chuẩn (0 atm). Tuy nhiên, theo thông tin chung, nhiệt độ sôi của nước ở áp suất tiêu chuẩn thường được xác định là 100°C.","Bước 1: Nháp
Nhiệt độ sôi của nước ở áp suất tiêu chuẩn là 100°C.

Bước 2: Tự kiểm
- Có thể sai: Áp suất tiêu chuẩn không nhất thiết phải là 1 atm ( Atmospheric pressure).
- Thiếu thông tin: Không biết nhiệt độ sôi của nước ở áp suất khác ngoài tiêu chuẩn.

Bước 3: Đáp án cuối cùng
Nhiệt độ sôi của nước ở áp suất tiêu chuẩn thường là 100°C, nhưng nếu nói đến áp suất khác thì sẽ phụ thuộc vào áp suất đó. Nếu không chắc chắn về áp suất cụ thể, thì có thể không đưa được một nhiệt độ chính xác cho nhiệt độ sôi của nước.","cuối cùng
Nhiệt độ sôi của nước ở áp suất tiêu chuẩn thường là 100°C, nhưng nếu nói đến áp suất khác thì sẽ phụ thuộc vào áp suất đó. Nếu không chắc chắn về áp suất cụ thể, thì có thể không đưa được một nhiệt độ chính xác cho nhiệt độ sôi của nước.",ollama,llama3.2,100°C,True,True,False,True,True,False
5,Nguyên tố nào có ký hiệu Au?,vàng,Ký hiệu Au thuộc nguyên tố Gold (Đồng).,Đáp án: Vàng (Au),Đáp án: Vàng (Au),ollama,llama3.2,vàng,False,False,True,True,False,False
6,Protein nào vận chuyển oxy trong máu?,hemoglobin,Hemoglobin là protein vận chuyển oxy trong máu.,"Protein vận chuyển oxy trong máu là hemoglobin.

Điểm có thể sai hoặc thiếu:

- Không chắc chắn về độ chính xác của câu trả lời.
- Không kiểm tra thông tin từ nguồn đáng tin cậy.

Cuối cùng, đáp án cuối cùng là: Hemoglobin.",cuối cùng là: Hemoglobin.,ollama,llama3.2,hemoglobin,True,False,False,True,False,False
7,Hành tinh nào gần Mặt Trời nhất?,Sao Thủy,Đáp án: Mặt Trăng.,"Tôi sẽ trả lời:

Venus là hành tinh gần Mặt Trời nhất.

Bây giờ tôi tự kiểm tra:

Điểm có thể sai hoặc thiếu:

- Tôi cần thêm thông tin về khoảng cách giữa các hành tinh và Mặt Trời để đảm bảo chính xác.
- Có thể cần thêm thông tin về các yếu tố khác như thời gian quỹ đạo, tốc độ di chuyển,... để hoàn chỉnh câu trả lời.

Cuối cùng, tôi đưa đáp án cuối cùng:

Venus là hành tinh gần Mặt Trời nhất.","cuối cùng:

Venus là hành tinh gần Mặt Trời nhất.",ollama,llama3.2,Sao Thủy,False,False,True,False,False,True
8,Khí nào chiếm tỷ lệ lớn nhất trong khí quyển Trái Đất?,nitrogen,Không chắc chắn về số lượng và tính chất của các loại khí trong khí quyển Trái Đất.,"Tôi sẽ trả lời ngắn như sau:

Khí Nitơ (N2) là khí chiếm tỷ lệ lớn nhất trong khí quyển Trái Đất.

Vậy, bây giờ tôi tự kiểm lại đáp án của mình. Có thể có những điểm sai hoặc thiếu sau:

- Không chắc chắn về mức độ chiếm ưu thế của khí Nitơ so với khí Oxy (O2)
- Không rõ liệu tỷ lệ lớn nhất trong khí quyển Trái Đất có bao gồm cả các loại khí khác như Nitơ oxit (NO), Ammonia (NH3) hay không.

Cuối cùng, tôi đưa ra đáp án cuối cùng:

Khí Nitơ (N2) là khí chiếm tỷ lệ lớn nhất trong khí quyển Trái Đất.","cuối cùng:

Khí Nitơ (N2) là khí chiếm tỷ lệ lớn nhất trong khí quyển Trái Đất.",ollama,llama3.2,nitrogen,False,True,False,False,False,True
9,DNA là viết tắt của cụm từ gì?,deoxyribonucleic acid,DNA là viết tắt của Deoxyribonucleic Acid.,"Đáp án: Deoxyribonucleic acid (DNA) là viết tắt của cụm từ ""Deoxyribonucleic acid"" (Axit ribonucleic deoxyribose).

Các điểm có thể sai hoặc thiếu:

- Không rõ liệu câu hỏi có đúng hay không về mặt ngữ nghĩa.
- Nếu không chắc, nên nói rõ không chắc.

Tuy nhiên, dựa trên thông tin chung thì đáp án đúng là: DNA là viết tắt của cụm từ ""Deoxyribonucleic acid"".","Đáp án: Deoxyribonucleic acid (DNA) là viết tắt của cụm từ ""Deoxyribonucleic acid"" (Axit ribonucleic deoxyribose).

Các điểm có thể sai hoặc thiếu:

- Không rõ liệu câu hỏi có đúng hay không về mặt ngữ nghĩa.
- Nếu không chắc, nên nói rõ không chắc.

Tuy nhiên, dựa trên thông tin chung thì đáp án đúng là: DNA là viết tắt của cụm từ ""Deoxyribonucleic acid"".",ollama,llama3.2,deoxyribonucleic acid,True,False,False,True,True,False
10,Số π (pi) xấp xỉ bằng bao nhiêu (2 chữ số thập phân)?,3.14,"Số pi (π) không có giới hạn cố định khi được biểu diễn bằng decimal, nhưng các ước lượng thường được sử dụng để biểu diễn theo 3 hoặc 4 chữ số sau dấu phẩy. Một trong những ước lượng phổ biến nhất là 3,1415 và một trong các ước lượng khác là 3,141592.","Bước 1: Nháp
Số pi (pi) xấp xỉ bằng 3,14.

Bước 2: Tự kiểm
Điểm có thể sai hoặc thiếu:
- Pi thực tế là một con số vô hạn không thể chia hết cho 10.
- Số 3,14 chỉ là một trong những cách xấp xỉ của pi.

Bước 3: Cuối cùng
Số π (pi) xấp xỉ bằng 3,14.","Cuối cùng
Số π (pi) xấp xỉ bằng 3,14.",ollama,llama3.2,3.14,False,False,True,False,False,True
11,Nguyên tử carbon có bao nhiêu proton?,6,"Không chắc. Trong bảng nguyên tố, số proton trong cùng một nguyên tử luôn cố định và duy nhất cho mỗi nguyên tử. Tuy nhiên, tôi không biết chính xác số proton của nguyên tử carbon mà bạn đang đề cập đến.","Bước 1: Nháp
Nguyên tử carbon có 6 proton.

Bước 2: Tự kiểm
- Có thể sai: Đáp án chưa được kiểm tra từ nguồn đáng tin cậy, không xem xét các yếu tố khác của nguyên tử như neutron và electron.
- Thiếu: Không cung cấp thông tin về vị trí hoặc số lượng neutron và electron trong nguyên tử carbon.

Bước 3: Đáp án cuối cùng
Đáp án có thể là chính xác dựa trên kiến thức chung về nguyên tử. Tuy nhiên, để đảm bảo tính chính xác, cần kiểm tra từ các nguồn đáng tin cậy như sách giáo khoa hóa học hoặc trang web của Các cơ quan khoa học quốc tế.","cuối cùng
Đáp án có thể là chính xác dựa trên kiến thức chung về nguyên tử. Tuy nhiên, để đảm bảo tính chính xác, cần kiểm tra từ các nguồn đáng tin cậy như sách giáo khoa hóa học hoặc trang web của Các cơ quan khoa học quốc tế.",ollama,llama3.2,6,False,True,False,False,True,False
12,Enzyme nào giúp tiêu hóa tinh bột?,amylase,Amylase là enzyme giúp tiêu hóa tinh bột.,"Enzyme giúp tiêu hóa tinh bột là Amylase.

Điểm có thể sai hoặc thiếu:

- Không phải enzyme duy nhất giúp tiêu hóa tinh bột.
- Enzyme amylase hoạt động ở pH trong khoảng 4.5-6.5.

Đáp án cuối cùng: Enzyme amylase và một số enzyme khác như Protease, Lipase,... cũng tham gia vào quá trình tiêu hóa tinh bột.","cuối cùng: Enzyme amylase và một số enzyme khác như Protease, Lipase,... cũng tham gia vào quá trình tiêu hóa tinh bột.",ollama,llama3.2,amylase,True,False,False,True,False,False
13,Hạt cơ bản nào có điện tích âm?,electron,Không chắc chắn.,"Bước 1: Trả lời ngắn

Hạt cơ bản có điện tích âm là Electron.

Bước 2: Tự kiểm tra

Điểm có thể sai hoặc thiếu:

- Không loại bỏ các hạt khác như quark, proton... không có điện tích âm.
- Có thể cần thêm thông tin về electron và điện tích của nó.

Bước 3: Đáp án cuối cùng

Electron là hạt cơ bản có điện tích âm.","cuối cùng

Electron là hạt cơ bản có điện tích âm.",ollama,llama3.2,electron,False,True,False,True,False,False
14,Công thức tính động năng là gì?,KE = 1/2mv²,"Công thức tính động năng là: 

Động năng = (1/2) \* m \* v^2 

Trong đó: 
- Động năng (K) là lực tác dụng lên vật.
- m là khối lượng của vật.
- v là tốc độ của vật.","Công thức tính động năng là:

Động năng (E) = m × v^2

trong đó:

- m là khối lượng của vật
- v là tốc độ của vật","Công thức tính động năng là:

Động năng (E) = m × v^2

trong đó:

- m là khối lượng của vật
- v là tốc độ của vật",ollama,llama3.2,KE = 1/2mv²,False,False,True,False,False,True
15,Nguyên tố nào cần thiết cho tuyến giáp?,iodine,Sắt và Kali.,"Bước 1: Nháp
- Nguyên tố cần thiết cho tuyến giáp là Iốt (I).

Bước 2: Tự kiểm
- Có thể sai hoặc thiếu:
  - Không có thông tin về các nguyên tố khác ngoài Iốt.
- Nếu trong quá trình trả lời không thấy thông tin đầy đủ, có thể hỏi lại để thêm thông tin.

Bước 3: Cuối cùng
Đáp án cuối cùng: Iốt (I) là nguyên tố cần thiết cho tuyến giáp.",cuối cùng: Iốt (I) là nguyên tố cần thiết cho tuyến giáp.,ollama,llama3.2,iodine,False,False,True,False,False,True
16,Tế bào nào không có nhân?,prokaryote,"Không chắc chắn về loại tế bào không có nhân. Tuy nhiên, một số tế bào như tế bào thần kinh đơn sơ (neuronal stem cell) và các tế bào biểu mô biểu thị (placental trophoblast) cũng không có nhân.","Để trả lời câu hỏi này một cách chính xác, tôi cần kiểm tra lại thông tin.

Tế bào được chia thành hai loại chính là tế bào nhân và tế bào vô nhân (tế bào không có nhân). Tế bào vô nhân không có nhân thể và không có chất nhân. Ví dụ: vi khuẩn và Archaea đều là tế bào vô nhân.

Do đó, đáp án cuối cùng là: Các vi khuẩn và Archaea",cuối cùng là: Các vi khuẩn và Archaea,ollama,llama3.2,prokaryote,False,True,False,False,False,True
17,Áp suất khí quyển tiêu chuẩn là bao nhiêu?,101325 Pa,Áp suất khí quyển tiêu chuẩn ở mực độ 0 mét (mực nước biển) là khoảng 1013 mbar (millibar).,"Áp suất khí quyển tiêu chuẩn trên mực nước biển (MSL) ở Trái Đất là khoảng 1013 mbar hoặc 1 atm.

Điểm có thể sai hoặc thiếu:

- Không tính đến các áp suất khí quyển khác như áp suất cực đại và thấp nhất.
- Áp suất khí quyển không phải lúc nào cũng đồng nhất trên toàn cầu, nó có sự thay đổi theo thời gian và vị trí.

Vậy đáp án cuối cùng là: 1013 mbar hoặc 1 atm.",cuối cùng là: 1013 mbar hoặc 1 atm.,ollama,llama3.2,101325 Pa,False,False,True,False,False,True
18,Vitamin nào được tổng hợp khi tiếp xúc ánh nắng?,vitamin D,Vitamin D được tổng hợp khi tiếp xúc ánh nắng.,"Tôi sẽ trả lời:

Vitamin D được tổng hợp khi tiếp xúc ánh nắng.

Tự kiểm:

- Điểm có thể sai hoặc thiếu:
 + Không loại trừ khả năng các loại vitamin khác cũng được ảnh hưởng bởi ánh nắng (thêm vào danh sách nếu cần)
 - Cảm ơn bạn đã giúp tôi cải thiện!","Tôi sẽ trả lời:

Vitamin D được tổng hợp khi tiếp xúc ánh nắng.

Tự kiểm:

- Điểm có thể sai hoặc thiếu:
 + Không loại trừ khả năng các loại vitamin khác cũng được ảnh hưởng bởi ánh nắng (thêm vào danh sách nếu cần)
 - Cảm ơn bạn đã giúp tôi cải thiện!",ollama,llama3.2,vitamin D,True,False,False,True,True,False
19,Loại tia nào có bước sóng ngắn nhất?,tia gamma,"Không chắc chắn về câu trả lời cụ thể về loại tia có bước sóng ngắn nhất vì thông tin này liên quan đến các tính chất vật lý của tia và có thể thay đổi tùy thuộc vào hoàn cảnh. Tuy nhiên, trong chung, gamma là loại tia có bước sóng ngắn nhất, thường được sử dụng trong các ứng dụng y tế và khoa học.","Bước 1: Trả lời ngắn

Tia X là loại tia có bước sóng ngắn nhất, thường thuộc khoảng từ 10 MHz đến 300 THz (trillion Hz).

Bước 2: Tự kiểm:

- Có thể sai hoặc thiếu:
 + Không nhắc đến việc bước sóng ngắn nhất có nghĩa là tia có năng lượng cao.
 + Không rõ liệu tia X có phải loại tia có bước sóng ngắn nhất hay không.

Bước 3: Đáp án cuối cùng

Tia X được coi là loại tia có bước sóng ngắn nhất, thường thuộc khoảng từ 10 MHz đến 300 THz (trillion Hz), và do đó có năng lượng cao.","cuối cùng

Tia X được coi là loại tia có bước sóng ngắn nhất, thường thuộc khoảng từ 10 MHz đến 300 THz (trillion Hz), và do đó có năng lượng cao.",ollama,llama3.2,tia gamma,False,True,False,False,False,True
20,Hormone nào điều hòa lượng đường trong máu?,insulin,Đồng hormone insulin và glucagon điều hòa lượng đường trong máu.,"Đáp án: Insulin và Glucagon

Tự kiểm:

- Điểm có thể sai hoặc thiếu:
 - Không đề cập đến các hormone khác tham gia vào quá trình điều hòa lượng đường trong máu, như Adrenaline, Glucocortoid...
 - Không cung cấp thông tin về cách thức hoạt động của các hormone này.

Đáp án cuối cùng: Hormone insulin và glucagon đóng vai trò quan trọng trong việc điều hòa lượng đường trong máu. Insulin giúp降低 lượng đường trong máu bằng cách kích thích tế bào hấp thụ glucose, trong khi glucagon giúp tăng lượng đường trong máu bằng cách kích thích gan sản xuất glucose.","cuối cùng: Hormone insulin và glucagon đóng vai trò quan trọng trong việc điều hòa lượng đường trong máu. Insulin giúp降低 lượng đường trong máu bằng cách kích thích tế bào hấp thụ glucose, trong khi glucagon giúp tăng lượng đường trong máu bằng cách kích thích gan sản xuất glucose.",ollama,llama3.2,insulin,True,False,False,True,False,False
21,Nguyên tố nào có điểm nóng chảy cao nhất?,tungsten,"Điểm nóng chảy của nguyên tố có thể thay đổi tùy thuộc vào tính chất vật lý và hóa học của nó. Tuy nhiên, theo cơ sở dữ liệu chung, điểm nóng chảy của một số nguyên tố như:

* Osmium (Os): 3033 độ C
* Iridium (Ir): 2402 độ C
* Tantalum (Ta): 2990 độ C

Không có thông tin cụ thể về nguyên tố nào có điểm nóng chảy cao nhất.","Đáp án: Lanthanum (La) với điểm nóng chảy là 1792°C.

Tuy nhiên, tôi cần tự kiểm lại thông tin này để đảm bảo tính chính xác.

Điểm nóng chảy của các nguyên tố khác:

- Beryllium (Be): 1287°C
- Magnesium (Mg): 649°C
- Calcium (Ca): 842°C
- Iron (Fe): 1538°C
- Kẽm (Zn): 419,5°C

Điểm nóng chảy của Lanthanum (La) thực sự là cao nhất trong số các nguyên tố trên. Tuy nhiên, tôi cần lưu ý rằng điểm nóng chảy có thể thay đổi tùy thuộc vào cấu trúc và điều kiện cụ thể.

Vậy, đáp án cuối cùng là: Lanthanum (La) với điểm nóng chảy là 1792°C.",cuối cùng là: Lanthanum (La) với điểm nóng chảy là 1792°C.,ollama,llama3.2,tungsten,False,True,False,False,False,True
22,Tốc độ truyền âm trong không khí?,343 m/s,Không chắc chắn.,"Bước 1: Nháp

Tốc độ truyền âm trong không khí là khoảng 343 mét/giây tại mực nước biển và giảm dần theo nhiệt độ và áp suất.

Bước 2: Tự kiểm tra

Điểm có thể sai hoặc thiếu:

- Không đảm bảo rằng tốc độ này được tính toán ở điều kiện tiêu chuẩn (mực nước biển, nhiệt độ và áp suất nhất định).
- Không cung cấp thông tin về sự thay đổi của tốc độ truyền âm trong không khí theo hướng đi (đường thẳng, cong) hoặc theo chiều cao.

Bước 3: Đáp án cuối cùng

Tốc độ truyền âm trong không khí có thể dao động từ khoảng 320 đến 400 mét/giây tùy thuộc vào các yếu tố như nhiệt độ và áp suất. Tuy nhiên, thông tin chính xác nhất thường được cung cấp ở điều kiện tiêu chuẩn (mực nước biển, 20°C, áp suất 1013 mbar). Tốc độ truyền âm có thể thay đổi theo hướng đi và chiều cao do sự phân cực của sóng âm thanh trong không khí.","cuối cùng

Tốc độ truyền âm trong không khí có thể dao động từ khoảng 320 đến 400 mét/giây tùy thuộc vào các yếu tố như nhiệt độ và áp suất. Tuy nhiên, thông tin chính xác nhất thường được cung cấp ở điều kiện tiêu chuẩn (mực nước biển, 20°C, áp suất 1013 mbar). Tốc độ truyền âm có thể thay đổi theo hướng đi và chiều cao do sự phân cực của sóng âm thanh trong không khí.",ollama,llama3.2,343 m/s,False,True,False,False,True,False
23,Protein nào tạo nên tóc và móng?,keratin,Keratin là protein tạo nên tóc và móng.,"Bước 1: Nháp
Protein tạo nên tóc và móng là Keratin.

Bước 2: Tự kiểm
- Có thể sai: Không có thông tin về protein khác cũng tạo thành tóc và móng.
- Thiếu: Không có thông tin về protein tạo thành các bộ phận khác của cơ thể.

Bước 3: Cuối cùng
Protein tạo nên tóc và móng là Keratin.","Cuối cùng
Protein tạo nên tóc và móng là Keratin.",ollama,llama3.2,keratin,True,False,False,True,False,False
24,Tế bào nào sản xuất insulin?,tế bào beta,Tế bào beta trong tuyến tụy sản xuất insulin.,"Bước 1: Trả lời ngắn

Tế bào Beta trong tuyến tụy là tế bào sản xuất insulin.

Bước 2: Tự kiểm tra

- Có thể sai hoặc thiếu:
 + Không nhắc đến vai trò của các loại tế bào khác trong tuyến tụy.
 + Không giải thích rõ ràng về quá trình sản xuất insulin.

Bước 3: Đáp án cuối cùng

Tế bào Beta trong tuyến tụy là những tế bào chính chịu trách nhiệm sản xuất và điều tiết lượng insulin được tiết ra vào máu. Quá trình này rất quan trọng đối với việc kiểm soát nồng độ đường trong cơ thể, đặc biệt là đối với người mắc bệnh tiểu đường.","cuối cùng

Tế bào Beta trong tuyến tụy là những tế bào chính chịu trách nhiệm sản xuất và điều tiết lượng insulin được tiết ra vào máu. Quá trình này rất quan trọng đối với việc kiểm soát nồng độ đường trong cơ thể, đặc biệt là đối với người mắc bệnh tiểu đường.",ollama,llama3.2,tế bào beta,True,False,False,True,False,False
25,Nguyên tố nào phóng xạ nhất trong tự nhiên?,uranium,Radon (Rn) là nguyên tố phóng xạ nhất và phổ biến nhất trong tự nhiên.,"Đáp án: Uran (U)

Giải thích: Uran là nguyên tố đã được xác định và có thể là nguyên tố phóng xạ nhất trong tự nhiên. Tuy nhiên, cần lưu ý rằng việc xác định nguyên tố phóng xạ ""nhiễu"" nhất trong tự nhiên không phải là một khái niệm chính xác vì các nguyên tử phóng xạ thường có thời gian sống ngắn và chỉ hoạt động ở điều kiện cụ thể.

Điểm có thể sai hoặc thiếu:

- Có thể không có thông tin về các nguyên tố phóng xạ khác được phát hiện sau khi uranium được xác định.
- Các nguyên tử phóng xạ có thời gian sống ngắn và khó để phát hiện, vì vậy có thể không có thông tin chính xác về chúng.

Tuy nhiên, theo hiện tại Uran (U) là nguyên tố đã được xác định và được công nhận là nguyên tố phóng xạ nhất trong tự nhiên.","Đáp án: Uran (U)

Giải thích: Uran là nguyên tố đã được xác định và có thể là nguyên tố phóng xạ nhất trong tự nhiên. Tuy nhiên, cần lưu ý rằng việc xác định nguyên tố phóng xạ ""nhiễu"" nhất trong tự nhiên không phải là một khái niệm chính xác vì các nguyên tử phóng xạ thường có thời gian sống ngắn và chỉ hoạt động ở điều kiện cụ thể.

Điểm có thể sai hoặc thiếu:

- Có thể không có thông tin về các nguyên tố phóng xạ khác được phát hiện sau khi uranium được xác định.
- Các nguyên tử phóng xạ có thời gian sống ngắn và khó để phát hiện, vì vậy có thể không có thông tin chính xác về chúng.

Tuy nhiên, theo hiện tại Uran (U) là nguyên tố đã được xác định và được công nhận là nguyên tố phóng xạ nhất trong tự nhiên.",ollama,llama3.2,uranium,False,False,True,True,True,False
26,Enzyme nào cắt DNA?,endonuclease,Không chắc.,"Bước 1: Nháp
Đáp án: Nấm men (có trong vi khuẩn và rắn) chứa các enzym phân giải DNA.

Bước 2: Tự kiểm
Điểm có thể sai hoặc thiếu:
- Không rõ enzyme cụ thể nào cắt DNA, nên cần thêm thông tin.
- Có thể có nhiều enzym khác nhau có tác dụng lên DNA, nhưng không được đề cập trong câu hỏi.

Bước 3: Đáp án cuối cùng
Không chắc chắn về đáp án vì không rõ enzyme cụ thể nào cắt DNA. Tuy nhiên, một số enzym như DNase (cắt peptide liên kết ở nhiễu) và Type II restriction endonuclease có thể tác động đến DNA.","cuối cùng
Không chắc chắn về đáp án vì không rõ enzyme cụ thể nào cắt DNA. Tuy nhiên, một số enzym như DNase (cắt peptide liên kết ở nhiễu) và Type II restriction endonuclease có thể tác động đến DNA.",ollama,llama3.2,endonuclease,False,True,False,True,True,False
27,Hạt nào nhỏ nhất trong nguyên tử?,quark,Không chắc.,"Đáp án: Hạt nhân.

Điểm có thể sai hoặc thiếu:

- Không giải thích rõ về cấu trúc nguyên tử và vị trí của các hạt khác nhau.
- Không cung cấp thông tin chi tiết về kích thước và đặc điểm của hạt nhân so với các hạt khác trong nguyên tử.

Câu trả lời cuối cùng là: Hạt nhân là phần nhỏ nhất của nguyên tử, chứa các proton và neutron.","cuối cùng là: Hạt nhân là phần nhỏ nhất của nguyên tử, chứa các proton và neutron.",ollama,llama3.2,quark,False,True,False,False,False,True
28,Tuyến nào tiết ra adrenaline?,tuyến thượng thận,Tuyến thượng thận (còn gọi là tuyến suprarenal) tiết ra adrenaline (hay còn được gọi là epinephrine).,"Bước 1: Nháp

Tuyến thượng thận (tuyến cận) tiết ra adrenaline (còn gọi là epinephrine).

Bước 2: Tự kiểm tra

Điểm có thể sai hoặc thiếu:

- Không chắc chắn về tên của tuyến tiết adrenaline.
-Không biết adrenal có hai tuyến hay không, và tuyến nào thì tiết adrenaline.

Bước 3: Đáp án cuối cùng

Tuyến cận và tuyến giáp đều được coi là tuyến adrenal, nhưng chỉ tuyến cận thực sự tiết ra adrenaline. Tuyến thượng thận (tuyến cận) tiết ra cả adrenaline và cortisol, trong khi tuyến dưới thận (tuyến giáp) tiết ra chủ yếu là cortisol.","cuối cùng

Tuyến cận và tuyến giáp đều được coi là tuyến adrenal, nhưng chỉ tuyến cận thực sự tiết ra adrenaline. Tuyến thượng thận (tuyến cận) tiết ra cả adrenaline và cortisol, trong khi tuyến dưới thận (tuyến giáp) tiết ra chủ yếu là cortisol.",ollama,llama3.2,tuyến thượng thận,True,False,False,True,False,False
29,Nguyên tử có bao nhiêu loại hạt cơ bản?,3,Không chắc chắn.,"Nguyên tử có ba loại hạt cơ bản là proton, neutron và electron.

Điểm có thể sai hoặc thiếu:

- Không có thông tin về sự phân bố của các hạt này trong nguyên tử.
- Không có thông tin về cách chúng tương tác với nhau.

Không chắc chắn về đáp án cuối cùng.",cuối cùng.,ollama,llama3.2,3,False,True,False,False,False,True
30,Ánh sáng nào có năng lượng cao nhất?,tia gamma,"Ánh sáng Ultra Violet (UV) có năng lượng cao nhất trong các loại ánh sáng thông thường. Năng lượng của UV được tính bằng đơn vị Joule (J), và nó thường lớn hơn nhiều so với năng lượng của ánh sáng nhìn thấy khác.","Tôi sẽ trả lời:

Ánh sáng Ultraviolette (UV) có năng lượng cao nhất.

Và sau đó, tôi sẽ tự kiểm tra lại:

Điểm có thể sai hoặc thiếu:

- Có thể không chắc chắn về thứ ánh sáng có năng lượng cao nhất, vì có nhiều loại ánh sáng khác nhau và mỗi loại có mức năng lượng riêng.
- Không đề cập đến các loại ánh sáng khác như ánh sáng nhìn thấy được (Visible light), X-quang, Gamma...

Vậy đáp án cuối cùng là: Ánh sáng Ultraviolette (UV) có năng lượng cao nhất.",cuối cùng là: Ánh sáng Ultraviolette (UV) có năng lượng cao nhất.,ollama,llama3.2,tia gamma,False,False,True,False,False,True
31,Protein nào giúp cơ bắp co?,actin và myosin,Đáp án là Creatin.,"Đáp án: Actin

Tính chính xác:

- Điểm có thể sai hoặc thiếu:
+ Không biết liệu Actin là protein duy nhất giúp cơ bắp co hay không. Có thể có nhiều protein khác cũng tham gia vào quá trình này.
+ Không biết liệu Actin chỉ giúp cơ bắp co ở mức độ nào.

Đáp án cuối cùng: Actin là protein giúp cơ bắp co, nhưng có thể có nhiều protein khác cũng tham gia vào quá trình này và hiệu quả của chúng có thể khác nhau.","cuối cùng: Actin là protein giúp cơ bắp co, nhưng có thể có nhiều protein khác cũng tham gia vào quá trình này và hiệu quả của chúng có thể khác nhau.",ollama,llama3.2,actin và myosin,False,False,True,False,True,False
32,Nguyên tố nào cần thiết cho hemoglobin?,sắt,"Hemoglobin là protein trong máu chịu trách nhiệm vận chuyển oxy đến các tế bào. Để hình thành hemoglobin, cần có nguyên tố sắt (Fe).","Tôi sẽ trả lời:

Đáp án: Ferritin.

Giải thích: Hemoglobin là một protein quan trọng trong máu có chức năng vận chuyển oxy. Ferritin là một loại enzyme giúp sản xuất hemoglobin và lưu trữ sắt, một nguyên tố cần thiết cho quá trình này.

Tuy nhiên, tôi cũng cần tự kiểm tra tính chính xác của câu trả lời này:

Điểm có thể sai hoặc thiếu:
- Có thể ferritin không phải là chính xác nhất.
- Có thể cần thêm thông tin về việc gì nữa liên quan đến hemoglobin và sắt.

Cuối cùng, sau khi kiểm tra lại, tôi vẫn cho rằng đáp án chính xác là Ferritin.","Cuối cùng, sau khi kiểm tra lại, tôi vẫn cho rằng đáp án chính xác là Ferritin.",ollama,llama3.2,sắt,True,False,False,False,False,True
33,Enzyme nào tiêu hóa protein?,pepsin,Enzyme xúc hợp protein là Trypsin và Protease.,"Bước 1: Nháp
Enzyme tiêu hóa protein là Trypsin và Pepsin.

Bước 2: Tự kiểm
- Có thể sai: Không đề cập đến tất cả các enzym tiêu hóa protein.
- Thêm thông tin: Ngoài Trypsin và Pepsin, còn có các enzyme khác như Chymotrypsin, Elastase...

Bước 3: Đáp án cuối cùng
Enzyme tiêu hóa protein bao gồm Trypsin, Pepsin, Chymotrypsin và Elastase.","cuối cùng
Enzyme tiêu hóa protein bao gồm Trypsin, Pepsin, Chymotrypsin và Elastase.",ollama,llama3.2,pepsin,False,False,True,True,False,False
34,Nhiệt độ tuyệt đối 0 là bao nhiêu Celsius?,-273.15°C,"Nhiệt độ tuyệt đối 0 ở Celsius bằng -273,15°C.","Bước 1: Nháp
Nhiệt độ tuyệt đối 0 ở celsius tương đương với -273,15 độ celsius.

Bước 2: Tự kiểm
- Có thể sai về số lượng chữ số trong phần mười.
- Không chắc chắn về tính chính xác của giá trị.

Bước 3: Cuối cùng
Nhiệt độ tuyệt đối 0 ở celsius tương đương với -273,15 độ celsius.","Cuối cùng
Nhiệt độ tuyệt đối 0 ở celsius tương đương với -273,15 độ celsius.",ollama,llama3.2,-273.15°C,False,False,True,False,False,True
35,Tế bào nào bảo vệ não?,neuroglia,Tế bào glial (tiểu số tế bào bảo vệ và cung cấp dinh dưỡng cho các tế bào thần kinh) cùng với các tế bào khác như máu và hệ miễn dịch đóng vai trò quan trọng trong việc bảo vệ não.,"Tế bào Mácpherson (Macrophage) có vai trò quan trọng trong hệ thống miễn dịch và bảo vệ não khỏi vi khuẩn, virus và các chất độc hại khác.

Điểm có thể sai hoặc thiếu:

* Không chắc liệu tất cả các tế bào Mácpherson đều có chức năng bảo vệ não hay không.
* Có thể có các loại tế bào khác cũng tham gia vào quá trình bảo vệ não.

Đáp án cuối cùng: Tế bào Mácpherson (Macrophage) là một trong những tế bào quan trọng trong hệ thống miễn dịch và có vai trò bảo vệ não.",cuối cùng: Tế bào Mácpherson (Macrophage) là một trong những tế bào quan trọng trong hệ thống miễn dịch và có vai trò bảo vệ não.,ollama,llama3.2,neuroglia,False,False,True,False,False,True
36,Nguyên tố nào tạo kim cương?,carbon,"Không chắc. Kim cương được tạo ra bởi quá trình va chạm giữa các sao chổi và các vật thể trong vũ trụ, sau đó bị nóng chảy và đông lại thành đá. Không có nguyên tố cụ thể nào được xác định là chính yếu tạo ra kim cương.","Tôi sẽ thực hiện theo các bước như sau:

**Bước 1 - Nháp**

Kim cương được tạo ra từ nguyên tố carbon (C).

**Bước 2 - Tự kiểm**

Điểm có thể sai hoặc thiếu:

- Có thể không nói rõ về quá trình tạo kim cương.
- Có thể không đề cập đến các yếu tố khác ảnh hưởng đến chất lượng của kim cương.

**Bước 3 - Cuối cùng**

Về nguyên tắc, kim cương được tạo ra từ nguyên tố carbon. Tuy nhiên, cần lưu ý rằng quá trình tạo kim cương thường liên quan đến việc xử lý và tinh chế carbon dưới áp lực và nhiệt độ cao trong khoảng 1-2 tỷ mét vuông và nhiệt độ hàng triệu độ C trong khoảng 1-3 ngày. Quá trình này đòi hỏi điều kiện tuyệt vời để tạo ra kim cương chất lượng cao.

Vậy, nguyên tố chính tạo nên kim cương là carbon, nhưng quá trình tạo ra kim cương là một quy trình phức tạp liên quan đến nhiều yếu tố khác.","Cuối cùng**

Về nguyên tắc, kim cương được tạo ra từ nguyên tố carbon. Tuy nhiên, cần lưu ý rằng quá trình tạo kim cương thường liên quan đến việc xử lý và tinh chế carbon dưới áp lực và nhiệt độ cao trong khoảng 1-2 tỷ mét vuông và nhiệt độ hàng triệu độ C trong khoảng 1-3 ngày. Quá trình này đòi hỏi điều kiện tuyệt vời để tạo ra kim cương chất lượng cao.

Vậy, nguyên tố chính tạo nên kim cương là carbon, nhưng quá trình tạo ra kim cương là một quy trình phức tạp liên quan đến nhiều yếu tố khác.",ollama,llama3.2,carbon,False,True,False,True,False,False
37,Hormone nào điều hòa giấc ngủ?,melatonin,HormoneMelatonin là hormone chính điều hòa giấc ngủ. Nó được sản xuất bởi não và giúp cơ thể theo dõi chu kỳ ngày đêm để duy trì hoạt động bình thường của hệ thần kinh.,"Bước 1: Nháp

Hormone điều hòa giấc ngủ là melatonin và serotonin.

Bước 2: Tự kiểm

Điểm có thể sai hoặc thiếu:

- Có thể là hormone khác ngoài melatonin và serotonin.
- Cần kiểm tra tính chính xác của thông tin.

Bước 3: Cuối cùng

Dựa trên kiến thức, melatonin là hormone chính điều hòa giấc ngủ. Serotonin cũng đóng vai trò quan trọng trong việc điều chỉnh giấc ngủ nhưng chủ yếu liên quan đến sự thuyên giảm lo âu và tăng cường giấc ngủ sâu hơn. Tuy nhiên, có thể còn hormone khác góp phần vào quá trình này, nên cần thêm kiểm tra để xác định chính xác.

Đáp án cuối cùng: Melatonin là hormone chính điều hòa giấc ngủ, nhưng có thể còn các hormone khác tham gia.","cuối cùng: Melatonin là hormone chính điều hòa giấc ngủ, nhưng có thể còn các hormone khác tham gia.",ollama,llama3.2,melatonin,True,False,False,True,True,False
38,Tốc độ thoát ly của Trái Đất?,11.2 km/s,"Không chắc chắn về tốc độ thoát ly của Trái Đất. Tuy nhiên, được cho là khoảng 3 cm/1 năm.","Bước 1: Nháp
Tốc độ thoát ly của Trái Đất là khoảng 1 cm/năm.

Bước 2: Tự kiểm
Điểm có thể sai hoặc thiếu:

- Không rõ nguồn gốc của con số 1 cm/năm.
- Có thể cần thêm thông tin về đơn vị đo lường để xác định chính xác hơn.
- Có thể cần thêm thông tin về thời gian và điều kiện cụ thể khi nói đến tốc độ thoát ly của Trái Đất.

Bước 3: Cuối cùng
Tốc độ thoát ly của Trái Đất thường được tính bằng cách xem xét chu kỳ chuyển động của Trái Đất trên quỹ đạo mặt trời (1 năm) và chu kỳ quay của Trái Đất trên trục mình (1 ngày). Tốc độ thoát ly này không nhất thiết phải là 1 cm/năm, mà có thể thay đổi tùy thuộc vào vị trí và thời điểm trong chu kỳ chuyển động. Thông thường, tốc độ thoát ly của Trái Đất được ước tính ở mức khoảng 3-4 cm/năm, nhưng thông tin cụ thể có thể thay đổi tùy theo nguồn và điều kiện cụ thể.","Cuối cùng
Tốc độ thoát ly của Trái Đất thường được tính bằng cách xem xét chu kỳ chuyển động của Trái Đất trên quỹ đạo mặt trời (1 năm) và chu kỳ quay của Trái Đất trên trục mình (1 ngày). Tốc độ thoát ly này không nhất thiết phải là 1 cm/năm, mà có thể thay đổi tùy thuộc vào vị trí và thời điểm trong chu kỳ chuyển động. Thông thường, tốc độ thoát ly của Trái Đất được ước tính ở mức khoảng 3-4 cm/năm, nhưng thông tin cụ thể có thể thay đổi tùy theo nguồn và điều kiện cụ thể.",ollama,llama3.2,11.2 km/s,False,True,False,False,True,False
39,Protein nào vận chuyển sắt trong máu?,transferrin,Sắt được vận chuyển trong máu bởi protein Ferritin và Transferrin,"Đáp án: Ferritin và Transferrin.

 Giả sử sau thông tin trên cần thêm thông tin về các chức năng của ferritin và transferrin để làm quen sâu hơn.","Đáp án: Ferritin và Transferrin.

 Giả sử sau thông tin trên cần thêm thông tin về các chức năng của ferritin và transferrin để làm quen sâu hơn.",ollama,llama3.2,transferrin,True,False,False,True,False,False
40,Nguyên tố nào có tính dẫn điện tốt nhất?,bạc,"Không chắc chắn về câu trả lời, nhưng thông thường, kim loại như đồng, nhôm, sắt,... có tính dẫn điện tốt nhất.","Để trả lời câu hỏi này, tôi sẽ thực hiện các bước sau:

Bước 1: Nháp

Tính dẫn điện tốt nhất thuộc về kim loại đồng (Cu). Đồng là một trong những nguyên tố dẫn điện tốt nhất do nó có độ dẫn điện cao và ít bị phản ứng hóa học với nhiều chất khác nhau.

Bước 2: Tự kiểm tra

Điểm có thể sai hoặc thiếu:

- Không có thông tin cụ thể về so sánh tính dẫn điện của các nguyên tố.
- Có thể có một số nguyên tố khác cũng có tính dẫn điện tốt, nhưng không được đề cập trong câu hỏi.

Bước 3: Đáp án cuối cùng

Dựa trên kiến thức chung, đồng (Cu) được coi là một trong những nguyên tố dẫn điện tốt nhất. Tuy nhiên, để đảm bảo chính xác, cần thêm thông tin về so sánh giữa các nguyên tố có tính dẫn điện khác. Do không có thông tin cụ thể trong câu hỏi, tôi sẽ đưa ra đáp án như sau:

Đồng (Cu) có tính dẫn điện tốt nhất so với hầu hết các nguyên tố khác. Tuy nhiên, để có kết luận chính xác, cần tham khảo thêm thông tin về đặc điểm của các nguyên tố khác.","kết luận chính xác, cần tham khảo thêm thông tin về đặc điểm của các nguyên tố khác.",ollama,llama3.2,bạc,False,True,False,False,False,True
41,Vitamin nào tan trong nước?,vitamin C,Vitamin C là loại vitamin được biết đến với tính chất dễ tan trong nước.,"Vitamin C là một trong những vitamin quan trọng nhất cho cơ thể con người. Đây là một trong những thực phẩm giàu vitamin C.

Vitamin C tan trong nước, có nghĩa là khi bạn nhúng một miếng bánh quy hoặc một lát quả vào nước, vitamin C sẽ tan ra và hòa quyện với nước.

Tuy nhiên, cần lưu ý rằng không phải tất cả các loại vitamin đều tan trong nước. Một số vitamin khác như Vitamin D, Vitamin E, Vitamin K... thì không thể tan trong nước.

Vì vậy, đáp án cuối cùng là: Vitamin C.",cuối cùng là: Vitamin C.,ollama,llama3.2,vitamin C,True,False,False,True,False,False
42,pH của nước tinh khiết?,7,Không chắc. pH của nước tinh khiết là khoảng 7.,"Nháp: pH của nước tinh khiết là 7.

Tự kiểm:

- Không có điểm sai hoặc thiếu trong câu trả lời này.

Đáp án cuối cùng: pH của nước tinh khiết là 7.",cuối cùng: pH của nước tinh khiết là 7.,ollama,llama3.2,7,True,True,False,True,False,False
43,Tế bào nào sản xuất kháng thể?,tế bào B,Bạch cầu do gan sản xuất.,"Bước 1: Nháp
Tế bào B sản xuất kháng thể.

Bước 2: Tự kiểm tra
Điểm có thể sai hoặc thiếu:

- Có thể không chính xác về sự kiện cụ thể: Tế bào B thực sự sản xuất các loại tế bào khác nhau, bao gồm cả các tế bào B1 và tế bào B2.
- Không đề cập đến quá trình sản xuất kháng thể.

Bước 3: Đáp án cuối cùng
Tế bào B là một loại tế bào trong hệ thống miễn dịch của cơ thể, nhưng chúng không trực tiếp sản xuất kháng thể. Thay vào đó, chúng nhận biết và phân loại các antigen (liên kết với kháng thể), sau đó kích hoạt các tế bào khác để sản xuất các kháng thể cụ thể. Các tế bào B thực hiện quá trình clonal selection, nơi các tế bào B riêng biệt tạo ra các loại kháng thể khác nhau để chống lại các bệnh gây ra bởi vi khuẩn hoặc virus. Do đó, không phải tất cả các kháng thể đều được sản xuất trực tiếp từ tế bào B.

Đáp án chính xác hơn: Các tế bào B thực hiện quá trình nhận dạng antigen và kích hoạt các tế bào khác để tạo ra các loại kháng thể cụ thể.","cuối cùng
Tế bào B là một loại tế bào trong hệ thống miễn dịch của cơ thể, nhưng chúng không trực tiếp sản xuất kháng thể. Thay vào đó, chúng nhận biết và phân loại các antigen (liên kết với kháng thể), sau đó kích hoạt các tế bào khác để sản xuất các kháng thể cụ thể. Các tế bào B thực hiện quá trình clonal selection, nơi các tế bào B riêng biệt tạo ra các loại kháng thể khác nhau để chống lại các bệnh gây ra bởi vi khuẩn hoặc virus. Do đó, không phải tất cả các kháng thể đều được sản xuất trực tiếp từ tế bào B.

Đáp án chính xác hơn: Các tế bào B thực hiện quá trình nhận dạng antigen và kích hoạt các tế bào khác để tạo ra các loại kháng thể cụ thể.",ollama,llama3.2,tế bào B,False,False,True,True,False,False
44,Nguyên tố nào tạo ra ozone?,oxy,Ozone được tạo ra khi các phân tử ôxy (O2) bị va chạm với các nguyên tử oxy (O). Đây là quá trình tự nhiên xảy ra trong khí quyển và không phải là do sự tiếp xúc với một nguyên tố cụ thể nào.,"Tôi sẽ trả lời:

Ozone được tạo ra bởi tác dụng của ánh sáng mặt trời với các phân tử khí oxôn (O3).

Giá trị: Không có thông tin cụ thể về nguyên tố tạo ra ozone.

Các điểm có thể sai hoặc thiếu:
- Không có thông tin về quá trình tạo ra ozone
- Không rõ liệu nguyên tố nào cụ thể có liên quan đến quá trình này hay không

Đáp án cuối cùng: Tôi không chắc chắn rằng nguyên tố nào chính xác được đề cập đến trong câu hỏi.",cuối cùng: Tôi không chắc chắn rằng nguyên tố nào chính xác được đề cập đến trong câu hỏi.,ollama,llama3.2,oxy,True,False,False,False,True,False
45,Enzyme nào tham gia quá trình hô hấp?,cytochrome oxidase,Enzyme cần thiết cho quá trình hô hấp là Hemoglobin và Các enzyme trong hệ thống trao đổi chất (thành phần của mitochondria).,"Enzyme tham gia quá trình hô hấp là Cytochrom c, nhưng để chính xác hơn, cần thêm thông tin về loại enzyme cụ thể tham gia vào quá trình hô hấp.

Điểm có thể sai hoặc thiếu:

- Enzyme tham gia quá trình hô hấp không chỉ bao gồm một loại mà còn bao gồm nhiều loại khác nhau.
- Có thể có các enzym khác cũng tham gia vào quá trình này.

Đáp án cuối cùng: Không chắc, nhưng enzyme Cytochrom c là một trong những enzym tham gia vào quá trình hô hấp.","cuối cùng: Không chắc, nhưng enzyme Cytochrom c là một trong những enzym tham gia vào quá trình hô hấp.",ollama,llama3.2,cytochrome oxidase,False,False,True,False,True,False
46,Hằng số Planck là bao nhiêu?,6.626 × 10^-34 J⋅s,"Hằng số Planck (h) được định nghĩa là khoảng 6,626 x 10^-34 J giây (điện tử-volt giây).","Để trả lời câu hỏi này một cách chính xác, chúng ta cần dựa vào thông tin hiện có đến thời điểm kiến thức của tôi được cập nhật lần cuối vào tháng 12 năm 2023.

Hằng số Planck (h) là một hằng số vật lý quan trọng trong thuyết Relativistic Quantum Mechanics, đại diện cho liên kết giữa năng lượng và bước sóng của các hạt sáng. Hằng số này được định nghĩa như sau:

\[ h = \frac{h}{2\pi} = \frac{6.62607015(13) \times 10^{-34}}{2\pi}\]

Giả sử giá trị chính xác tại thời điểm kiến thức của tôi được cập nhật là: 

\[ h = \frac{6.62607015(13) \times 10^{-34} \, \text{J s}}{2\pi} \]

Sử dụng tính toán thực tế cho phép xác định h chính xác hơn:

\[h = 6.62607015 × 10^{−34}\] 

Do sự phức tạp và biến động trong các tham số vật lý như h, để cung cấp một giá trị chính xác cần dựa trên công cụ tính toán hoặc tài liệu hiện hành.

Vì vậy, câu trả lời cơ bản là ""hằng số Planck"" mà tôi đã đưa ra ở Bước 1 không phải là một giá trị đơn giản được gán cho h. Thay vào đó, h là một đại số vật lý có thể thay đổi tùy thuộc vào cách thực hiện tính toán và dữ liệu hiện tại.

Bây giờ, để thực hiện bước tự kiểm:

- **Điểm có thể sai hoặc thiếu:**
  - Sự phức tạp của h dẫn đến sự cần thiết phải sử dụng công cụ toán học chuyên sâu để tính chính xác.
  - Tính chất biến động trong tham số vật lý như h có thể dẫn đến sự thay đổi trong giá trị thực tế.
  - Câu trả lời trước đã được đưa ra một cách ngắn gọn và không cung cấp giá trị chính xác hoặc thông tin về nguồn gốc của giá trị.

- **Đáp án cuối cùng:**
  - Do tính chất biến động và cần thiết sử dụng công cụ toán học để tính h, câu trả lời cuối cùng sẽ là ""hằng số Planck là một đại số vật lý được định nghĩa là 6.62607015 × 10^{−34} J s"" với thông tin về việc tính toán này có thể thay đổi tùy theo nguồn và thời điểm cập nhật kiến thức.

- **Giữ trong lưu lượng truy vấn:**
  - Cảm nhận rằng câu trả lời cần chính xác hơn, đặc biệt là khi giải thích hằng số Planck.
  - Đưa ra giá trị chính xác hoặc thông tin về phương pháp tính toán để cung cấp hiểu biết chi tiết hơn cho người đọc.","cuối cùng sẽ là ""hằng số Planck là một đại số vật lý được định nghĩa là 6.62607015 × 10^{−34} J s"" với thông tin về việc tính toán này có thể thay đổi tùy theo nguồn và thời điểm cập nhật kiến thức.

- **Giữ trong lưu lượng truy vấn:**
  - Cảm nhận rằng câu trả lời cần chính xác hơn, đặc biệt là khi giải thích hằng số Planck.
  - Đưa ra giá trị chính xác hoặc thông tin về phương pháp tính toán để cung cấp hiểu biết chi tiết hơn cho người đọc.",ollama,llama3.2,6.626 × 10^-34 J⋅s,False,False,True,False,True,False
47,Nguyên tố nào có khối lượng nguyên tử nhỏ nhất?,hydrogen,Hydro (H) là nguyên tố có khối lượng nguyên tử nhỏ nhất.,"Bước 1: Nháp
Đáp án: Hydro (H)

Bước 2: Tự kiểm
- Có thể sai hoặc thiếu:
- Không kiểm tra tính chính xác của khối lượng nguyên tử.

Bước 3: Cuối cùng
Đáp án cuối cùng là Hydro (H) có khối lượng nguyên tử nhỏ nhất.",cuối cùng là Hydro (H) có khối lượng nguyên tử nhỏ nhất.,ollama,llama3.2,hydrogen,False,False,True,False,False,True
48,Quá trình nào sản xuất ATP trong ty thể?,hô hấp tế bào,"Quá trình sản xuất ATP trong ty thể được thực hiện qua quá trình Oxidative Phosphorylation (OXPHOS) thông qua chuỗi electron transport. Trong quá trình này, các phân tử ATP tạo ra trong cytosol được chuyển đến mitochondria và sử dụng năng lượng để tạo ra một chuỗi phản ứng hóa học cuối cùng dẫn đến sản xuất ATP.","Trong quá trình sinh học, quá trình sản xuất ATP (Adenosine Triphosphate) chính là một trong những hoạt động quan trọng nhất đối với sự sống của chúng ta. ATP là một hợp chất hóa học chứa một chuỗi nucleotide được liên kết bởi các thành phần phosphoric và amino acid. Quá trình tạo ra ATP thường được diễn ra trong các tế bào, nơi ATP được tạo ra thông qua việc chuyển đổi năng lượng từ nhiều nguồn khác nhau.

Để trả lời câu hỏi ""Quá trình nào sản xuất ATP trong ty thể?"", chúng ta cần tìm hiểu về quá trình sinh học cụ thể xảy ra trong tế bào và tại vị trí cụ thể gọi là ty thể (mitochondrion).

- **Các Ty thể**:

    Các ty thể được cho là nơi diễn ra một số lượng lớn các phản ứng hóa học, bao gồm cả việc sản xuất ATP. Ty thể có chức năng quan trọng trong việc chuyển đổi năng lượng từ thức ăn thành ATP.

- **Quá Trình Sản Xuất ATP Trong Ty Thể**:

    Quá trình tạo ra ATP thường được gọi là quá trình oxy hóa. Đây là một chuỗi các phản ứng hóa học xảy ra trong ty thể, nơi mà các phân tử năng lượng được chuyển đổi thành ATP thông qua việc sử dụng O2 (oxít) và nước.

    - **Quá Trình Oxy Hóa**:
        1. **Nhận Energie**: Quá trình oxy hóa bắt đầu khi tế bào hấp thụ thức ăn từ môi trường bên ngoài, sau đó các phân tử này được chuyển đổi thành các hợp chất có năng lượng cao hơn.
        2. **Chuyển Dõi Năng Lượng**: Ở trong ty thể, quá trình chuyển đổi năng lượng xảy ra thông qua các chuỗi phản ứng hóa học phức tạp liên quan đến O2 và nước, tạo ra một dãy các phân tử có năng lượng cao.
        3. **Thay Đổi Năng Lượng**: Cuối cùng, năng lượng được chuyển đổi thành ATP thông qua việc sử dụng các enzyme xúc tác trong quá trình oxy hóa.

- **Đáp Án Cuối Cùng**:

    Quá trình sản xuất ATP trong ty thể là quá trình oxy hóa, nơi mà ty thể đóng vai trò quan trọng như một nhà máy năng lượng của tế bào, chuyển đổi thức ăn thành ATP thông qua việc sử dụng O2 và nước.","Cuối Cùng**:

    Quá trình sản xuất ATP trong ty thể là quá trình oxy hóa, nơi mà ty thể đóng vai trò quan trọng như một nhà máy năng lượng của tế bào, chuyển đổi thức ăn thành ATP thông qua việc sử dụng O2 và nước.",ollama,llama3.2,hô hấp tế bào,False,False,True,False,False,True
49,Loại liên kết nào mạnh nhất trong phân tử?,liên kết cộng hóa trị,Không chắc chắn.,"Tôi sẽ thực hiện các bước như sau:

Bước 1:
Câu trả lời ngắn: Phụ đề (phụ đề) là loại liên kết mạnh nhất trong phân tử.

Bước 2:
Điểm có thể sai hoặc thiếu:

- Không kiểm tra tính chính xác của câu trả lời.
- Không cung cấp thông tin chi tiết về loại liên kết mạnh nhất trong phân tử.

Bước 3:
Cuối cùng, tôi không chắc chắn về câu trả lời vì không có đủ thông tin và không muốn đưa ra kết luận sai. Nếu bạn cần thêm thông tin hoặc giúp đỡ cụ thể hơn, vui lòng cho tôi biết!","kết luận sai. Nếu bạn cần thêm thông tin hoặc giúp đỡ cụ thể hơn, vui lòng cho tôi biết!",ollama,llama3.2,liên kết cộng hóa trị,False,True,False,False,False,True
50,Hạt nào quyết định số hiệu nguyên tử?,proton,Không chắc. Số hiệu nguyên tử được cho là do Ernest Rutherford quyết định.,"Đáp án: Cation (ion dương) hoặc proton.

Vì cation và proton đều đóng vai trò quan trọng trong việc xác định số hiệu nguyên tử của một kim loại. Số hiệu nguyên tử được tính bằng cách cộng số lượng proton trong hạt nhân nguyên tử với số lượng electron trong lớp valence của nguyên tử. Vì vậy, cả cation và proton đều ảnh hưởng đến số hiệu nguyên tử của một kim loại.

Tuy nhiên, cần lưu ý rằng số hiệu nguyên tử thường được xác định dựa trên số lượng proton trong hạt nhân nguyên tử. Nếu có thể, số hiệu nguyên tử nên chính xác và không phụ thuộc vào trạng thái hóa học của nguyên tử (có thể là ion dương hay ion âm).","Đáp án: Cation (ion dương) hoặc proton.

Vì cation và proton đều đóng vai trò quan trọng trong việc xác định số hiệu nguyên tử của một kim loại. Số hiệu nguyên tử được tính bằng cách cộng số lượng proton trong hạt nhân nguyên tử với số lượng electron trong lớp valence của nguyên tử. Vì vậy, cả cation và proton đều ảnh hưởng đến số hiệu nguyên tử của một kim loại.

Tuy nhiên, cần lưu ý rằng số hiệu nguyên tử thường được xác định dựa trên số lượng proton trong hạt nhân nguyên tử. Nếu có thể, số hiệu nguyên tử nên chính xác và không phụ thuộc vào trạng thái hóa học của nguyên tử (có thể là ion dương hay ion âm).",ollama,llama3.2,proton,False,True,False,True,True,False
51,Enzyme nào nhân đôi DNA?,DNA polymerase,Đáp án chính xác là DNA polymerase.,"Enzyme nhân đôi DNA là DNA polymerase.

Điểm có thể sai hoặc thiếu:

- Không chỉ có DNA polymerase mà còn có enzymes khác như helicase và topoisomerase cũng tham gia vào quá trình nhân đôi DNA.
- Quá trình nhân đôi DNA là phức tạp hơn so với đơn giản là ""nhân đôi"" DNA, nó cần các enzyme khác để thực hiện.

Đáp án cuối cùng: DNA polymerase, nhưng cần lưu ý rằng quá trình nhân doubling của DNA là một quá trình phức tạp và cần sự tham gia của nhiều enzymes khác nhau.","cuối cùng: DNA polymerase, nhưng cần lưu ý rằng quá trình nhân doubling của DNA là một quá trình phức tạp và cần sự tham gia của nhiều enzymes khác nhau.",ollama,llama3.2,DNA polymerase,True,False,False,True,False,False
52,Nguyên tố nào là kim loại lỏng ở nhiệt độ phòng?,thủy ngân,"Không chắc, không có nguyên tố nào là kim loại lỏng ở nhiệt độ phòng.","Tôi sẽ trả lời như sau:

Nguyên tố kim loại lỏng ở nhiệt độ phòng là Helium (He).","Tôi sẽ trả lời như sau:

Nguyên tố kim loại lỏng ở nhiệt độ phòng là Helium (He).",ollama,llama3.2,thủy ngân,False,True,False,False,False,True
53,Vitamin nào cần thiết cho đông máu?,vitamin K,Vitamin K là vitamin quan trọng cần thiết cho quá trình đông máu.,"Vitamin K là một loại vitamin cần thiết cho quá trình đông máu ở cơ thể.

Điểm có thể sai hoặc thiếu:

- Không nhất thiết phải là Vitamin K.
- Có thể có nhiều loại vitamin khác cũng quan trọng đối với quá trình đông máu, như Vitamin C và Protein.

Đáp án cuối cùng: Vitamin không chắc chắn.",cuối cùng: Vitamin không chắc chắn.,ollama,llama3.2,vitamin K,True,False,False,True,True,False
54,Tế bào nào có nhiều mitochondria nhất?,tế bào cơ,Không chắc chắn.,"Bước 1: Trả lời ngắn
Tế bào có nhiều mitochondria nhất là tế bào sợi cơ.

Bước 2: Tự kiểm
Điểm có thể sai hoặc thiếu:

- Không kiểm tra tính chính xác của thông tin về số lượng mitochondria trong các loại tế bào khác nhau.
- Có thể không xem xét các loại tế bào khác như tế bào trung tính, tế bào hồng cầu,...

Bước 3: Đưa đáp án cuối cùng
Không chắc chắn vì thông tin có thể thay đổi tùy thuộc vào nguồn và phạm vi nghiên cứu. Tuy nhiên, theo thông tin chung, tế bào sợi cơ được biết đến là có nhiều mitochondria nhất trong các loại tế bào, giúp cho hoạt động vận chuyển và vận động của cơ thể trở nên hiệu quả hơn.","cuối cùng
Không chắc chắn vì thông tin có thể thay đổi tùy thuộc vào nguồn và phạm vi nghiên cứu. Tuy nhiên, theo thông tin chung, tế bào sợi cơ được biết đến là có nhiều mitochondria nhất trong các loại tế bào, giúp cho hoạt động vận chuyển và vận động của cơ thể trở nên hiệu quả hơn.",ollama,llama3.2,tế bào cơ,False,True,False,False,True,False
55,Nguyên tố nào có electron hóa trị 1?,natri,"Không chắc chắn, vì nguyên tố Hydro (H) có electron hóa trị 1.","Bước 1: Nháp

Câu trả lời ngắn là Hydro (H).

Bước 2: Tự kiểm tra

Điểm có thể sai hoặc thiếu:

- Không chắc chắn về nguyên tắc về electron hóa trị.
- Có thể không liệt kê đủ các nguyên tố có electron hóa trị 1.

Bước 3: Cuối cùng

Hydro (H) có điện tử hóa trị số 1 vì nó chỉ cần một electron để hoàn thành lớp valence đầu tiên.","Cuối cùng

Hydro (H) có điện tử hóa trị số 1 vì nó chỉ cần một electron để hoàn thành lớp valence đầu tiên.",ollama,llama3.2,natri,False,True,False,False,False,True
56,Hormone nào kích thích sản xuất sữa?,prolactin,Đáp án là hormone Prolactin.,"Đáp án: Oxytocin và Prolactin

Tự kiểm tra:

- Oxytocin là hormone kích thích sự giãn nở của tử cung trong quá trình sinh, đồng thời cũng có vai trò trong quá trình cho con bú. Nó giúp contracts cơ tử cung và gây ra cơn co thắt để đẩy con cái ra ngoài.

- Prolactin là hormone kích thích sản xuất sữa, đặc biệt là trong quá trình cho con bú.

Vậy, cả Oxytocin và Prolactin đều có vai trò quan trọng trong quá trình sản xuất sữa.","Đáp án: Oxytocin và Prolactin

Tự kiểm tra:

- Oxytocin là hormone kích thích sự giãn nở của tử cung trong quá trình sinh, đồng thời cũng có vai trò trong quá trình cho con bú. Nó giúp contracts cơ tử cung và gây ra cơn co thắt để đẩy con cái ra ngoài.

- Prolactin là hormone kích thích sản xuất sữa, đặc biệt là trong quá trình cho con bú.

Vậy, cả Oxytocin và Prolactin đều có vai trò quan trọng trong quá trình sản xuất sữa.",ollama,llama3.2,prolactin,True,False,False,True,False,False
57,Loại sóng nào truyền qua chân không?,sóng điện từ,Không chắc chắn.,"Đối với câu hỏi này, tôi sẽ trả lời:

Sóng điện từ là loại sóng có thể truyền qua chân không.

Giải thích: Sóng điện từ là dạng sóng có phương trình thời gian liên quan đến điện trường và hấp dẫn trường. Nó có khả năng truyền qua không khí (thường gọi là sóng vô tuyến hoặc sóng microwave), nhưng không thể truyền qua chân không vì chân không chỉ chứa các hạt như electron, proton, neutron và vũ trụ rộng lớn chủ yếu bằng không khí.

Vậy, loại sóng truyền qua chân không chính là sóng điện từ.","Đối với câu hỏi này, tôi sẽ trả lời:

Sóng điện từ là loại sóng có thể truyền qua chân không.

Giải thích: Sóng điện từ là dạng sóng có phương trình thời gian liên quan đến điện trường và hấp dẫn trường. Nó có khả năng truyền qua không khí (thường gọi là sóng vô tuyến hoặc sóng microwave), nhưng không thể truyền qua chân không vì chân không chỉ chứa các hạt như electron, proton, neutron và vũ trụ rộng lớn chủ yếu bằng không khí.

Vậy, loại sóng truyền qua chân không chính là sóng điện từ.",ollama,llama3.2,sóng điện từ,False,True,False,True,True,False
58,Protein nào chống oxy hóa trong hồng cầu?,catalase,Đáp án: Globulin,"Đáp án: Ferritin

Tự kiểm:

- Điểm có thể sai hoặc thiếu:
 + Không chắc chắn về sự chính xác của thông tin
 - Ferritin là một protein chứa sắt, nhưng không phải là protein chống oxy hóa chủ yếu trong hồng cầu.

- Dáp án cuối cùng: Tôi không chắc chắn về đáp án này. Ferritin đóng vai trò quan trọng trong việc lưu trữ và phân phối sắt trong cơ thể, nhưng không phải là protein chống oxy hóa chính trong hồng cầu. Protein chống oxy hóa chính trong hồng cầu có thể là glutathione hoặc superoxide dismutase.","cuối cùng: Tôi không chắc chắn về đáp án này. Ferritin đóng vai trò quan trọng trong việc lưu trữ và phân phối sắt trong cơ thể, nhưng không phải là protein chống oxy hóa chính trong hồng cầu. Protein chống oxy hóa chính trong hồng cầu có thể là glutathione hoặc superoxide dismutase.",ollama,llama3.2,catalase,False,False,True,False,True,False
59,Nguyên tố nào cần thiết cho enzyme carbonic anhydrase?,kẽm,"Không chắc, tôi không có thông tin cụ thể về nguyên tố cần thiết cho enzyme carbonic anhydrase.","Để trả lời câu hỏi này, tôi sẽ thực hiện các bước sau:

Bước 1 — Nháp: Trả lời ngắn
Carbonic anhydrase là một loại enzyme quan trọng trong cơ thể, giúp chuyển hóa khí cacbonat (CO2) thành axit carbonat (H2CO3). Để hoạt động, enzyme này cần nguyên tố what?

Bước 2 — Tự kiểm: Liệt kê điểm có thể sai hoặc thiếu
- Nguyên tố cần thiết cho enzyme carbonic anhydrase là gì?
- Có thể không rõ về nguyên tố cụ thể cần thiết.

Bước 3 — Cuối cùng: Đưa đáp án cuối cùng
Tôi không chắc chắn về nguyên tố cần thiết cho enzyme carbonic anhydrase. Tuy nhiên, một số nguồn thông tin cho biết enzyme này thường được tổng hợp từ các chất bao gồm mangan (Mn), sắt (Fe) và kẽm (Zn). Trong đó, kẽm (Zn) là một trong những nguyên tố quan trọng cần thiết để enzyme carbonic anhydrase hoạt động hiệu quả.","cuối cùng
Tôi không chắc chắn về nguyên tố cần thiết cho enzyme carbonic anhydrase. Tuy nhiên, một số nguồn thông tin cho biết enzyme này thường được tổng hợp từ các chất bao gồm mangan (Mn), sắt (Fe) và kẽm (Zn). Trong đó, kẽm (Zn) là một trong những nguyên tố quan trọng cần thiết để enzyme carbonic anhydrase hoạt động hiệu quả.",ollama,llama3.2,kẽm,False,True,False,True,True,False
60,Quá trình nào chuyển glucose thành pyruvate?,glycolysis,Quá trình chuyển glucose thành pyruvate được thực hiện qua quá trình glycolysis.,"Trong quá trình trao đổi chất của tế bào, quá trình chuyển glucose thành pyruvate là một bước quan trọng trong quá trình oxy hóa phân hủy.

Đáp án: Quá trình oxy hóa phân hủy (Glycolysis).

Tự kiểm:

- Có thể sai nếu không biết rằng glycolysis là quá trình chuyển glucose thành pyruvate.
- Có thể thiếu thông tin về các enzyme và môi trường cần thiết cho quá trình này.

Cuối cùng, đáp án cuối cùng là Glycolysis.",cuối cùng là Glycolysis.,ollama,llama3.2,glycolysis,True,False,False,True,False,False
61,Hạt nào quyết định đồng vị?,neutron,Không chắc chắn về câu hỏi này.,"Đáp án: Proton.

Tính chính xác:

- Điểm có thể sai hoặc thiếu:
    - Không rõ việc ""đồng vị"" là từ ngữ gì trong câu hỏi.
- Đáp án đã đưa ra là đúng, proton đóng vai trò quyết định đồng vị của hạt nhân.","Đáp án: Proton.

Tính chính xác:

- Điểm có thể sai hoặc thiếu:
    - Không rõ việc ""đồng vị"" là từ ngữ gì trong câu hỏi.
- Đáp án đã đưa ra là đúng, proton đóng vai trò quyết định đồng vị của hạt nhân.",ollama,llama3.2,neutron,False,True,False,False,True,False
62,Enzyme nào cắt RNA?,ribonuclease,Không chắc chắn về enzyme cụ thể cắt RNA.,"Enzyme chính cắt RNA là Ribonuclease (RNase). Có nhiều loại RNase khác nhau, nhưng một số loại phổ biến nhất bao gồm:

* Ribonuclease A (RNase A): CắtRNA thành các chuỗi đơn giản hơn.
* Ribonuclease H: Cắt DNA-RNA hybrid hóa.
* Ribonuclease P: Cắt RNA trong trình tự chuyển录.

Tuy nhiên, cần lưu ý rằng không phải tất cả enzym cắt RNA đều là RNase. Có một số enzym khác cũng có chức năng tương tự, chẳng hạn như Exonuclease và Endonuclease.

Vậy, đáp án cuối cùng là Ribonuclease (RNase) và các loại enzyme khác có chức năng tương tự.",cuối cùng là Ribonuclease (RNase) và các loại enzyme khác có chức năng tương tự.,ollama,llama3.2,ribonuclease,False,True,False,True,False,False
63,Nguyên tố nào có cấu hình electron [He] 2s1?,lithium,"Không chắc chắn, vì cấu hình electron [He] 2s1 là đặc điểm của nguyên tử Helium (He).","Bước 1: Nháp
Cấu hình electron [He] 2s1 cho thấy nguyên tố có số proton là 4 và số electron là 5. Do đó, nguyên tố này là Helium (He).

Bước 2: Tự kiểm
Điểm có thể sai hoặc thiếu:

- Có thể nhầm lẫn về cấu hình electron của Helium.
- Có thể không xem xét đúng các nguyên tắc cấu hình electron.

Bước 3: Cuối cùng
Câu trả lời cuối cùng là: Helium (He).",cuối cùng là: Helium (He).,ollama,llama3.2,lithium,False,True,False,False,False,True
64,Vitamin nào cần thiết cho tổng hợp collagen?,vitamin C,Vitamin C là vitamin cần thiết cho tổng hợp collagen.,"Vitamin C là vitamin cần thiết cho quá trình tổng hợp collagen.

Điểm có thể sai hoặc thiếu:

- Không chắc liệu có cả Vitamin D hay không tham gia vào quá trình tổng hợp collagen, mặc dù nó cũng được liên kết đến việc duy trì sự khỏe mạnh của mô collagen.
- Có thể có một số chất dinh dưỡng khác hỗ trợ quá trình tổng hợp collagen, nhưng Vitamin C là yếu tố quan trọng nhất và được công nhận rộng rãi.

Vitamin C đóng vai trò quan trọng trong việc sản xuất collagen, giúp đảm bảo rằng cơ thể có đủ lượng collagen cần thiết cho các chức năng sinh học.","Vitamin C là vitamin cần thiết cho quá trình tổng hợp collagen.

Điểm có thể sai hoặc thiếu:

- Không chắc liệu có cả Vitamin D hay không tham gia vào quá trình tổng hợp collagen, mặc dù nó cũng được liên kết đến việc duy trì sự khỏe mạnh của mô collagen.
- Có thể có một số chất dinh dưỡng khác hỗ trợ quá trình tổng hợp collagen, nhưng Vitamin C là yếu tố quan trọng nhất và được công nhận rộng rãi.

Vitamin C đóng vai trò quan trọng trong việc sản xuất collagen, giúp đảm bảo rằng cơ thể có đủ lượng collagen cần thiết cho các chức năng sinh học.",ollama,llama3.2,vitamin C,True,False,False,True,True,False
65,Tế bào nào sản xuất surfactant trong phổi?,pneumocyte type II,Không chắc.,"Đáp án: Tế bào Type II.

Giải thích: Tế bào Type II là một loại tế bào đặc hữu ở phổi, chịu trách nhiệm sản xuất và phân phối surfactant (cơ chế giảm căng bề mặt) để giúp phổi hoạt động tốt hơn. Surfactive này có vai trò quan trọng trong việc duy trì chức năng hô hấp.

Điểm có thể sai hoặc thiếu:

- Không chắc chắn về nguồn gốc của câu hỏi.
- Có thể cần thêm thông tin về surfactant và Role của tế bào Type II ở phổi.

Dáp án cuối cùng là: Tế bào Type II.",cuối cùng là: Tế bào Type II.,ollama,llama3.2,pneumocyte type II,False,True,False,False,False,True
66,Nguyên tố nào tạo thành 78% khí quyển?,nitrogen,Nitơ (N2) tạo thành khoảng 78% khí quyển trên Trái đất.,"Bước 1: Nháp
Đáp án: Nitơ (N2)

Bước 2: Tự kiểm
- Điểm có thể sai hoặc thiếu:
+ Không kiểm tra tính chính xác của đáp án.

Bước 3: Cuối cùng
Đáp án chính xác làNitơ (N2) tạo thành khoảng 78% khí quyển.","Cuối cùng
Đáp án chính xác làNitơ (N2) tạo thành khoảng 78% khí quyển.",ollama,llama3.2,nitrogen,False,False,True,False,False,True
67,Hormone nào điều hòa cân bằng nước?,ADH,Hormone Antidiuretic Hormone (ADH) hoặc Vasopressin điều hòa cân bằng nước trong cơ thể.,"Bước 1: Nháp
Hormone điều hòa cân bằng nước là aldosterone.

Bước 2: Tự kiểm
- Có thể sai: Aldosterone không chỉ điều hòa cân bằng nước, mà còn giúp giữ mật độ ion và pH của máu.
- Thêm thông tin: Ngoài aldosterone, hormone antidiuretic hormone (ADH) cũng đóng vai trò quan trọng trong việc điều hòa cân bằng nước.

Bước 3: Dáp án cuối cùng
Hormone ADH (Antidiuretic hormone) điều hòa cân bằng nước.","cuối cùng
Hormone ADH (Antidiuretic hormone) điều hòa cân bằng nước.",ollama,llama3.2,ADH,True,False,False,True,False,False
68,Loại liên kết nào giữ các nucleotide trong DNA?,phosphodiester,Không chắc,"Bước 1:
Loại liên kết giữ các nucleotide trong DNA là liên kết hydro (hydrogen bond). Mỗi nucleotide có một vòng aromat hóa học, tạo ra một vòng vòng lớn. Hai vòng vòng này được liên kết bằng liên kết hydro rất mạnh.

Bước 2:

- Điểm có thể sai hoặc thiếu:
- Không đề cập đến cơ chế chính xác của liên kết hydro.
- Không giải thích rõ ràng về mối quan hệ giữa liên kết hydro và cấu trúc DNA.

Bước 3:
Đáp án cuối cùng: Loại liên kết giữ các nucleotide trong DNA là liên kết hydro (hydrogen bond). Mỗi nucleotide có một vòng aromat hóa học, tạo ra một vòng vòng lớn. Hai vòng vòng này được liên kết bằng liên kết hydro rất mạnh, tạo nên cấu trúc hình đôi xoắn ốc đặc trưng của DNA.","cuối cùng: Loại liên kết giữ các nucleotide trong DNA là liên kết hydro (hydrogen bond). Mỗi nucleotide có một vòng aromat hóa học, tạo ra một vòng vòng lớn. Hai vòng vòng này được liên kết bằng liên kết hydro rất mạnh, tạo nên cấu trúc hình đôi xoắn ốc đặc trưng của DNA.",ollama,llama3.2,phosphodiester,False,True,False,False,False,True
69,Protein nào chính trong tơ lụa?,fibroin,Protein chính trong tơ lụa là Keratin.,"Đáp án: Keratin.

Điểm có thể sai hoặc thiếu:

- Không chắc chắn về loại protein chính trong tơ lụa ở tất cả các dạng (tơ lụa, tơ tóc,...)
- Có thể có nhiều loại protein khác nhau tham gia vào cấu tạo tơ lụa

Vậy đáp án cuối cùng là: Protein Keratin là một trong những loại protein chính trong tơ lụa, nhưng không chắc chắn về vai trò và mức độ quan trọng của nó.","cuối cùng là: Protein Keratin là một trong những loại protein chính trong tơ lụa, nhưng không chắc chắn về vai trò và mức độ quan trọng của nó.",ollama,llama3.2,fibroin,False,False,True,False,True,False
70,Nguyên tố nào có tính khử mạnh nhất?,cesium,Không chắc chắn.,"Tôi nghĩ rằng nguyên tố có tính khử mạnh nhất là Hydro (H).

Tuy nhiên, tôi cần tự kiểm lại để đảm bảo tính chính xác của câu trả lời này. Dưới đây là điểm có thể sai hoặc thiếu:

- Có thể là một số nguyên tố khác có tính khử mạnh hơn Hydro.
- Cần thêm thông tin về các nguyên tố khác để so sánh.

Sau khi tự kiểm tra, tôi không chắc chắn về câu trả lời ban đầu. Tuy nhiên, theo thông tin chung, Hydro (H) thường được coi là nguyên tố có tính khử mạnh nhất vì nó dễ dàng chuyển đổi thành hyđroxit và hydride với nhiều loại kim loại khác nhau.

Do đó, đáp án cuối cùng là: Hydro (H).",cuối cùng là: Hydro (H).,ollama,llama3.2,cesium,False,True,False,False,False,True
71,Quá trình nào sản xuất glucose từ CO2?,quang hợp,Quá trình sản xuất glucose từ CO2 được gọi là quá trình phân hủy đường (photosynthesis) nhưng đối với glucose tạo ra bằng cách hòa tan CO2 trong nước ta phải được thông qua các enzyme như pyruvate kinase vàHexokinase để chuyển hóa thành đường.,"Nháp: Quá trình Calvin - Bush (Calvin - Bóhn) là quá trình phân giải carbonic acid thành glucose và H2O.

Tự kiểm:

- Có thể sai hoặc thiếu: không nhắc đến quá trình Calvin - Bush trong bài học về quang hợp của plant.
- Nên thêm thông tin về quá trình này.","Nháp: Quá trình Calvin - Bush (Calvin - Bóhn) là quá trình phân giải carbonic acid thành glucose và H2O.

Tự kiểm:

- Có thể sai hoặc thiếu: không nhắc đến quá trình Calvin - Bush trong bài học về quang hợp của plant.
- Nên thêm thông tin về quá trình này.",ollama,llama3.2,quang hợp,False,False,True,True,True,False
72,Hạt nào mang điện tích dương?,proton,Hạt Hydrogen (Hy) có điện tích dương.,Hạt hydrogen (H) là hạt có điện tích dương nhất trong các hạt cơ bản.,Hạt hydrogen (H) là hạt có điện tích dương nhất trong các hạt cơ bản.,ollama,llama3.2,proton,False,False,True,False,False,True
73,Enzyme nào tham gia chu trình Krebs?,citrate synthase,"Enzyme tham gia chu trình Krebs bao gồm:

- Citrate synthase
- Aconitase
- Isocitrate dehydrogenase (2 loại)
- Alpha-ketoglutarate dehydrogenase (2 loại)
- Succinyl-CoA synthetase (tạo NADH và CoA từ oxaloacetate và CoA)

Không chắc chắn về một số enzym cụ thể trong chu trình.","Enzyme tham gia chu trình Krebs là:

1. Aconitase
2. Isocitase
3. Alpha-ketoglutarate dehydrogenase
4. Succinyl-CoA synthetase
5. Succinate dehydrogenase ( cũng là một phần của chu kỳ electron )

Enzyme này tham gia vào chu trình Krebs, một chu trình trao đổi chất quan trọng trong tế bào.

Điểm có thể sai hoặc thiếu:

- Không chắc liệu enzyme nào khác không tham gia chu trình Krebs.
- Có thể có những enzyme khác tham gia vào các bước của chu trình Krebs nhưng không được liệt kê ở trên.

Dáp án cuối cùng: Enzyme tham gia chu trình Krebs bao gồm Aconitase, Isocitase, Alpha-ketoglutarate dehydrogenase, Succinyl-CoA synthetase và Succinate dehydrogenase.","cuối cùng: Enzyme tham gia chu trình Krebs bao gồm Aconitase, Isocitase, Alpha-ketoglutarate dehydrogenase, Succinyl-CoA synthetase và Succinate dehydrogenase.",ollama,llama3.2,citrate synthase,True,True,False,False,False,True
74,Nguyên tố nào có độ âm điện lớn nhất?,fluorine,"Không chắc, nhưng các nguyên tố thường được gọi là Oganesson (Og) có khả năng giữ electron tốt nhất trong số tất cả các nguyên tố. Tuy nhiên, do Oganesson không phải là một nguyên tố được biết đến rộng rãi và chưa được xác định chính thức, nên tôi sẽ trả lời rằng không chắc về độ âm điện lớn nhất.","step 1: Nháp
Câu trả lời ngắn: Oxygen (O)

 step 2: Tự kiểm
Điểm có thể sai hoặc thiếu:

- Có thể không đề cập đến các nguyên tố khác trong bảng tuần hoàn.

 step 3: Dẫn đáp án cuối cùng
Về cơ bản, oxygen (O) là một nguyên tố hóa học với số nguyên tử bằng 8. Do đó, nó được coi là một trong những nguyên tố phổ biến nhất trên Trái Đất và có vị trí thứ 8 trên Bảng tuần hoàn các nguyên tố hóa học. Tuy nhiên, để xác định nguyên tố có độ âm điện lớn nhất, chúng ta cần phải xem xét số điện tử của mỗi nguyên tố.

 step 4: Khảo sát các nguyên tố
Cụ thể, trong hệ thống số điện tử, số âm điện (also known as electronegativity) là một thước đo cho mức độ khả năng của một nguyên tử hấp thụ electron để trở nên tích điện. Do đó, để xác định độ âm điện lớn nhất, ta cần xem xét các giá trị số âm điện của các nguyên tố.

 step 5: Xác định nguyên tố có độ âm điện lớn nhất
Cụ thể, nguyên tố với số nguyên tử bằng 8 (oxygen) có số âm điện khoảng 3,44 trên thang chuẩn Pauling. Tuy nhiên, nếu so sánh với các nguyên tố khác trong bảng tuần hoàn, chẳng hạn như fluorine (F), oxygen (O) có độ âm điện tương đối thấp. Fluorine có số nguyên tử bằng 9 và số âm điện là 4,00 trên thang chuẩn Pauling.

 step 6: Kết luận
Do đó, có thể kết luận rằng nguyên tố fluorine (F) có số nguyên tử bằng 9 là nguyên tố có độ âm điện lớn nhất.",kết luận rằng nguyên tố fluorine (F) có số nguyên tử bằng 9 là nguyên tố có độ âm điện lớn nhất.,ollama,llama3.2,fluorine,False,True,False,True,False,False
75,Vitamin nào cần thiết cho hấp thụ canxi?,vitamin D,Vitamin D là vitamin cần thiết cho hấp thụ canxi trong cơ thể.,"Vitamin D là vitamin quan trọng cần thiết cho hấp thụ canxi.

Điểm có thể sai hoặc thiếu:

- Không bao gồm cả những thông tin khác liên quan đến quá trình hấp thụ canxi, chẳng hạn như chế độ ăn uống, hoạt động thể chất và hệ miễn dịch.

- Không cung cấp chi tiết về vai trò của vitamin D đối với sức khỏe toàn thân.

- Không đề cập đến các nguồn cung cấp vitamin D tự nhiên như ánh sáng mặt trời hoặc thực phẩm chứa vitamin D.

Đáp án cuối cùng: Vitamin D là vitamin cần thiết cho hấp thụ canxi, giúp cơ thể cân bằng nồng độ canxi trong máu và đảm bảo sự phát triển khỏe mạnh của xương.","cuối cùng: Vitamin D là vitamin cần thiết cho hấp thụ canxi, giúp cơ thể cân bằng nồng độ canxi trong máu và đảm bảo sự phát triển khỏe mạnh của xương.",ollama,llama3.2,vitamin D,True,False,False,True,False,False
76,Tế bào nào sản xuất acid gastric?,parietal cell,Acid gastric được sản xuất bởi tế bào parietal trong dạ dày.,"Đáp án: Tế bào parietal ở dạ dày

Điểm có thể sai hoặc thiếu:

- Không rõ xem tế bào nào khác trong cơ thể cũng tham gia vào quá trình sản xuất acid gastric
- Không rõ xem loại acid gastric nào được sản xuất bởi tế bào parietal

Cuối cùng, đáp án cuối cùng là: Tế bào parietal ở dạ dày sản xuất acid gastric.",cuối cùng là: Tế bào parietal ở dạ dày sản xuất acid gastric.,ollama,llama3.2,parietal cell,False,False,True,False,False,True
77,Nguyên tố nào tạo thành protein?,carbon,"Các nguyên tố sau tạo thành protein:

- H (h Hydro)
- C (c Carbon)
- N (n Nitơ)","Giải:

Đáp án: Amino acid

Điểm có thể sai hoặc thiếu:
- Không chắc chắn về độ chính xác của câu trả lời.

Đáp án cuối cùng: Amino acid là nguyên tố cơ bản tạo nên các protein.",cuối cùng: Amino acid là nguyên tố cơ bản tạo nên các protein.,ollama,llama3.2,carbon,True,False,False,False,False,True
78,Hormone nào kích thích phóng trứng?,LH,FSH (Hormone Follicle Stimulating),"Hormone kích thích phóng trứng là Follicle-stimulating hormone (FSH). Hormone này được sản xuất bởi tuyến cận tim và có vai trò quan trọng trong quá trình sinh sản của nữ giới, đặc biệt là trong việc kích thích sự phát triển và trưởng thành của trứng.","Hormone kích thích phóng trứng là Follicle-stimulating hormone (FSH). Hormone này được sản xuất bởi tuyến cận tim và có vai trò quan trọng trong quá trình sinh sản của nữ giới, đặc biệt là trong việc kích thích sự phát triển và trưởng thành của trứng.",ollama,llama3.2,LH,False,False,True,False,False,True
79,Loại bức xạ nào ion hóa mạnh nhất?,tia alpha,Ion hóa mạnh nhất là tia gamma.,"Bước 1: Nháp
Đáp án: Alpha

Bước 2: Tự kiểm
- Điểm có thể sai hoặc thiếu:
 + Alpha có khả năng phân cách và xuyên qua vật liệu mỏng, nhưng nó không phải là loại bức xạ ion hóa mạnh nhất.
 + Gamma có khả năng xuyên qua vật liệu dày, nhưng nó không gây ra nhiều tác động ion hóa như alpha.

Bước 3: Cuối cùng
Đáp án cuối cùng là: Alpha. Tuy nhiên, cần lưu ý rằng alpha và beta đều có khả năng ion hóa mạnh, và gamma cũng có thể gây ra tác động ion hóa, nhưng alpha thường được coi là loại bức xạ ion hóa mạnh nhất trong số các loại bức xạ thường gặp.","cuối cùng là: Alpha. Tuy nhiên, cần lưu ý rằng alpha và beta đều có khả năng ion hóa mạnh, và gamma cũng có thể gây ra tác động ion hóa, nhưng alpha thường được coi là loại bức xạ ion hóa mạnh nhất trong số các loại bức xạ thường gặp.",ollama,llama3.2,tia alpha,False,False,True,False,True,False
80,Protein nào vận chuyển lipid trong máu?,apolipoprotein,"Protein Apolipoprotein B (ApoB) đóng vai trò quan trọng trong việc vận chuyển lipid trong máu. ApoB là thành phần chính của các chất béo cao nồng độ (HDL, LDL) và có khả năng gắn kết với các thụ thể lipid trong tế bào, giúp vận chuyển lipid đến những nơi cần thiết trong cơ thể.","Đáp án: Lipoprotein.

Tính chính xác:

* Step 1: Trả lời ngắn
 Lipoprotein là một loại protein có chức năng vận chuyển lipid trong máu. Nó bao gồm các thành phần như cholesterol, triglyceride và lipid khác.
* Step 2: Tự kiểm
 - Điểm có thể sai hoặc thiếu:
 + Không chắc chắn về cấu tạo của lipoprotein (chẳng hạn như HDL, LDL, VLDL,...)
 + Không rõ ràng về chức năng cụ thể của mỗi loại lipoprotein
* Step 3: Đáp án cuối cùng
 Lipoprotein là một loại protein vận chuyển lipid trong máu. Tuy nhiên, cần lưu ý rằng không phải tất cả các lipid đều được vận chuyển bởi lipoprotein. Ví dụ, HDL (high-density lipoprotein) vận chuyển cholesterol, trong khi LDL (low-density lipoprotein) và VLDL (very-low-density lipoprotein) vận chuyển triglyceride.","cuối cùng
 Lipoprotein là một loại protein vận chuyển lipid trong máu. Tuy nhiên, cần lưu ý rằng không phải tất cả các lipid đều được vận chuyển bởi lipoprotein. Ví dụ, HDL (high-density lipoprotein) vận chuyển cholesterol, trong khi LDL (low-density lipoprotein) và VLDL (very-low-density lipoprotein) vận chuyển triglyceride.",ollama,llama3.2,apolipoprotein,True,False,False,False,False,True
81,Nguyên tố nào có năng lượng ion hóa thấp nhất?,cesium,Không chắc chắn về câu hỏi này.,"Có thể trả lời rằng nguyên tố Hydro (H) có năng lượng ion hóa thấp nhất.

Tuy nhiên, để đảm bảo tính chính xác, tôi sẽ tự kiểm tra:

Điểm có thể sai hoặc thiếu:
- Có thể là một số nguyên tố khác có năng lượng ion hóa thấp hơn Hydro.
- Cần tìm thông tin chi tiết về năng lượng ion hóa của các nguyên tố.

Cuối cùng, dựa trên kiến thức chung về nguyên tử và năng lượng ion hóa, tôi sẽ sửa lại đáp án:

Nguyên tố Hydro (H) không phải là nguyên tố có năng lượng ion hóa thấp nhất. Tuy nhiên, không có thông tin cụ thể để xác định nguyên tố nào có năng lượng ion hóa thấp nhất.

Nếu cần, tôi có thể tìm kiếm thông tin chi tiết hơn về năng lượng ion hóa của các nguyên tố để đưa ra đáp án chính xác hơn.","Cuối cùng, dựa trên kiến thức chung về nguyên tử và năng lượng ion hóa, tôi sẽ sửa lại đáp án:

Nguyên tố Hydro (H) không phải là nguyên tố có năng lượng ion hóa thấp nhất. Tuy nhiên, không có thông tin cụ thể để xác định nguyên tố nào có năng lượng ion hóa thấp nhất.

Nếu cần, tôi có thể tìm kiếm thông tin chi tiết hơn về năng lượng ion hóa của các nguyên tố để đưa ra đáp án chính xác hơn.",ollama,llama3.2,cesium,False,True,False,False,True,False
82,Quá trình nào tái tạo NAD+ từ NADH?,chuỗi electron,Không chắc chắn về quá trình tái tạo NAD+ từ NADH.,"Bước 1: Trả lời ngắn

Quá trình tái tạo NAD+ từ NADH là một quá trình hóa học quan trọng trong các enzym và các chu kỳ sinh học. Quá trình này được thực hiện bởi enzyme NAD+--dependent malate dehydrogenase (tên còn gọi là MDHA) hoặc NAD+-dependent glutamate dehydrogenase, tùy thuộc vào hệ thống chuyển hóa cụ thể.

Bước 2: Tự kiểm

- Có thể sai:
+ Không chắc về một số chi tiết cụ thể như tên enzyme hoặc chu kỳ chuyển hóa cụ thể.
+ Đơn giản hóa quá trình tái tạo NAD+ có thể không chính xác.

- Thiếu thông tin:
+ Không cung cấp nhiều ví dụ cụ thể về quá trình tái tạo NAD+ trong các hệ thống chuyển hóa khác nhau.
+ Không giải thích chi tiết về cơ chế hóa học hoặc chức năng của enzyme liên quan đến quá trình này.

Bước 3: Đáp án cuối cùng

Quá trình tái tạo NAD+ từ NADH thường được thực hiện bởi một số enzym khác nhau tùy thuộc vào hệ thống chuyển hóa cụ thể. Trong nhiều hệ thống, NAD+-dependent malate dehydrogenase và NAD+-dependent glutamate dehydrogenase đóng vai trò quan trọng trong việc tái tạo NAD+ từ NADH thông qua các phản ứng hóa học như:

NADH + H+ → NAD+ + H2O

Cụ thể cho từng enzym hoặc chu kỳ chuyển hóa cụ thể, nhưng tổng thể quá trình này liên quan đến sự cân bằng về NAD+/NADH để duy trì chức năng của các enzym và các chu kỳ sinh học.

Nếu không chắc chắn, hãy nói rõ rằng quá trình tái tạo NAD+ từ NADH có thể thực hiện bởi một số enzyme khác nhau tùy thuộc vào hệ thống chuyển hóa cụ thể.","cuối cùng

Quá trình tái tạo NAD+ từ NADH thường được thực hiện bởi một số enzym khác nhau tùy thuộc vào hệ thống chuyển hóa cụ thể. Trong nhiều hệ thống, NAD+-dependent malate dehydrogenase và NAD+-dependent glutamate dehydrogenase đóng vai trò quan trọng trong việc tái tạo NAD+ từ NADH thông qua các phản ứng hóa học như:

NADH + H+ → NAD+ + H2O

Cụ thể cho từng enzym hoặc chu kỳ chuyển hóa cụ thể, nhưng tổng thể quá trình này liên quan đến sự cân bằng về NAD+/NADH để duy trì chức năng của các enzym và các chu kỳ sinh học.

Nếu không chắc chắn, hãy nói rõ rằng quá trình tái tạo NAD+ từ NADH có thể thực hiện bởi một số enzyme khác nhau tùy thuộc vào hệ thống chuyển hóa cụ thể.",ollama,llama3.2,chuỗi electron,False,True,False,False,True,False
83,Hạt nào không có khối lượng nghỉ?,photon,"Không chắc. Hạt thường có khối lượng nghỉ (được gọi là khối lượng riêng) do chúng có kích thước và hình dạng cố định. Tuy nhiên, không có hạt nào hoàn toàn không có khối lượng nghỉ vì tất cả đều có một số lượng nhỏ không khí hoặc không gian trống bên trong.",Hạt None.,Hạt None.,ollama,llama3.2,photon,False,True,False,False,False,True
84,Enzyme nào bắt đầu tiêu hóa protein?,pepsin,Enzyme Trypsin là enzyme bắt đầu tiêu hóa protein.,"Enzyme bắt đầu tiêu hóa protein là Pepsin và Trypsin.

Tuy nhiên, để trả lời chính xác hơn, cần phải phân biệt rõ giữa các enzyme này:

- Pepsin là một enzyme trong dạ dày, được sản xuất bởi gan. Nó giúp phân giải protein thành peptide và amino acid nhỏ.

- Trypsin là một enzyme trong ruột non (ruột nhĩ), được sản xuất bởi gan. Nó cũng giúp phân giải protein thành peptide và amino acid nhỏ.

Cả pepsin và trypsin đều đóng vai trò quan trọng trong quá trình tiêu hóa protein.

Điểm có thể sai hoặc thiếu:

- Không đề cập đến enzyme peptidase C, cũng là một enzyme tham gia vào quá trình tiêu hóa protein.
- Không giải thích rõ về các stage khác nhau của quá trình tiêu hóa protein và vai trò của các enzyme này trong từng stage.

Do đó, đáp án cuối cùng có thể được điều chỉnh như sau:

Enzyme bắt đầu tiêu hóa protein bao gồm cả pepsin (trong dạ dày) và trypsin (trong ruột non). Cả hai đều đóng vai trò quan trọng trong quá trình phân giải protein thành peptide và amino acid nhỏ.","cuối cùng có thể được điều chỉnh như sau:

Enzyme bắt đầu tiêu hóa protein bao gồm cả pepsin (trong dạ dày) và trypsin (trong ruột non). Cả hai đều đóng vai trò quan trọng trong quá trình phân giải protein thành peptide và amino acid nhỏ.",ollama,llama3.2,pepsin,False,False,True,True,True,False
85,Nguyên tố nào có bán kính nguyên tử nhỏ nhất?,helium,"Hydro (H) có bán kính nguyên tử nhỏ nhất với giá trị 0,72 Å (Angström).","Cách trả lời:

Giải thích: 

- Nguyên tố là một yếu tố hóa học được đại diện bởi ký tự hóa học (thường viết theo dấu hoa) và số nguyên tử (Z).

- Bán kính nguyên tử là kích thước trung bình của một nguyên tử trong trạng thái thường.

- Nguyên tố có bán kính nguyên tử nhỏ nhất chính là Hydro (H).","Cách trả lời:

Giải thích: 

- Nguyên tố là một yếu tố hóa học được đại diện bởi ký tự hóa học (thường viết theo dấu hoa) và số nguyên tử (Z).

- Bán kính nguyên tử là kích thước trung bình của một nguyên tử trong trạng thái thường.

- Nguyên tố có bán kính nguyên tử nhỏ nhất chính là Hydro (H).",ollama,llama3.2,helium,False,False,True,False,False,True
86,Vitamin nào hòa tan trong chất béo?,vitamin A,Vitamin A và D hòa tan trong chất béo.,"Vitamin A là vitamin được biết đến với khả năng hòa tan trong chất béo.

Điểm có thể sai hoặc thiếu:

- Có thể có loại vitamin khác cũng hòa tan trong chất béo, cần kiểm tra lại thông tin.
- Vị trí và chi tiết của thông tin cần được rõ ràng hơn.

Đáp án cuối cùng: Vitamin A.",cuối cùng: Vitamin A.,ollama,llama3.2,vitamin A,True,False,False,True,False,False
87,Tế bào nào sản xuất insulin-like growth factor?,hepatocyte,Tế bào gan và tế bào thượng thận sản xuất insulin-like growth factor (IGF).,"Đáp án: Tế bào bạch cầu xơ (osteoclast)

Tự kiểm:

- Có thể sai: Đáp án có thể không đúng
- Thiếu thông tin: Không có thông tin về các tế bào khác

Cuối cùng, đáp án là tế bào bạch cầu xơ (osteoclast). Tuy nhiên, cần lưu ý rằng osteoclasts không chính xác để mô tả các tế bào sản xuất IGF. Các tế bào thực sự sản xuất insulin-like growth factor (IGF) là tế bào pituitary, cụ thể là tế bào sinh sản và tế bào sinh sản trước đó của tuyến pituitary.

Đáp án cuối cùng: Tế bào pituitary sản xuất insulin-like growth factor.",cuối cùng: Tế bào pituitary sản xuất insulin-like growth factor.,ollama,llama3.2,hepatocyte,False,False,True,False,False,True
88,Nguyên tố nào tạo thành axit nucleic?,phosphorus,"Không chắc chắn về thông tin này. Axit nucleic thường ám chỉ DNA (dioxidin nucleic) hay RNA (azotin nucleic), nhưng không có ""axit nucleic"" là một thuật ngữ chính xác trong hóa học hoặc sinh học.","Tôi sẽ trả lời: Axit nucleic là một loại axit phân tử đóng vai trò quan trọng trong DNA và RNA.

Giải thích: Axit nucleic, còn được gọi là axit deoxyribonucleic (DNA) hoặc axit ribonucleic (RNA), là các phân tử hóa học tạo nên cơ bản của thông tin di truyền. Chúng được cấu trúc bởi các chuỗi axit nucleic liên kết với nhau qua các liên kết hydro.

Tuy nhiên, tôi cần tự kiểm lại điểm có thể sai hoặc thiếu.

Điểm có thể sai hoặc thiếu:

- Axit nucleic không phải là một loại axit hóa học thông thường.
- Có thể nhầm lẫn giữa axit nucleic và axit nucleotid, vì cả hai đều liên quan đến DNA và RNA.

Cuối cùng, đáp án cuối cùng là: Axit nucleic tạo thành từ các nguyên tử carbon (C), hydrogen (H), oxy (O) và nitơ (N), đặc biệt là các hợp chất chứa các nhóm chức nitrojen (N) như azot (N).

Nếu không chắc, tôi sẽ nói rõ rằng không chắc chắn về việc axit nucleic được tạo thành từ nguyên tố nào.","cuối cùng là: Axit nucleic tạo thành từ các nguyên tử carbon (C), hydrogen (H), oxy (O) và nitơ (N), đặc biệt là các hợp chất chứa các nhóm chức nitrojen (N) như azot (N).

Nếu không chắc, tôi sẽ nói rõ rằng không chắc chắn về việc axit nucleic được tạo thành từ nguyên tố nào.",ollama,llama3.2,phosphorus,False,True,False,False,True,False
89,Hormone nào điều hòa metabolisme?,thyroid hormone,Thyroid hormone (Tiroid hormone) là hormone chính điều hòa metabolisme ở cơ thể con người và động vật.,"Hormone điều hòa metabolisme là thyroid hormone (tiền chất chuyển hóa). Thyroid hormone được sản xuất bởi tuyến thượng thận và điều chỉnh tốc độ trao đổi chất của cơ thể. Khi mức estrogen cao, cơ thể sẽ tăng cường việc phá hoại tế bào ung thư.","Hormone điều hòa metabolisme là thyroid hormone (tiền chất chuyển hóa). Thyroid hormone được sản xuất bởi tuyến thượng thận và điều chỉnh tốc độ trao đổi chất của cơ thể. Khi mức estrogen cao, cơ thể sẽ tăng cường việc phá hoại tế bào ung thư.",ollama,llama3.2,thyroid hormone,True,False,False,True,False,False
90,Loại phân rã nào tạo ra helium?,phân rã alpha,"Không chắc chắn, helium không được tạo ra thông qua quá trình phân rã của các chất tự nhiên. Helium là khí phổ biến nhất trong vũ trụ và được tìm thấy ở Trái Đất cũng như trên Mặt Trăng, chủ yếu do sự phân rã của uranium-238 (²³⁸U) tạo ra.","Nháp:

Đáp án là: Phân rã alpha.

Tự kiểm:

- Có thể sai hoặc thiếu: Không có thông tin cụ thể về loại phân rã tạo ra heli. Helium được tạo ra chủ yếu từ quá trình phân rã của các nguyên tử nặng trong lòng Mặt trời, như cacbon-14 và nitơ-14. Nhưng không có thông tin cụ thể cho ""phân rã alpha"".

- Sửa lại nếu cần: Không cần sửa lại.

Đáp án cuối cùng:

Đáp án là: Cacbon-14 và Nitơ-14 được tạo ra trong quá trình phân rã radio hoạt động, nhưng chủ yếu helium được tạo ra thông qua phản ứng với các nguyên tử nặng khác trong lòng Mặt trời.","cuối cùng:

Đáp án là: Cacbon-14 và Nitơ-14 được tạo ra trong quá trình phân rã radio hoạt động, nhưng chủ yếu helium được tạo ra thông qua phản ứng với các nguyên tử nặng khác trong lòng Mặt trời.",ollama,llama3.2,phân rã alpha,False,True,False,False,False,True
91,Protein nào liên kết oxy trong cơ?,myoglobin,Không chắc.,"Bước 1: Nháp
Protein liên kết oxy trong cơ là Hemoglobin.

Bước 2: Tự kiểm
- Có thể sai hoặc thiếu:
- Không kiểm tra thông tin về protein liên kết oxy trong cơ.

Bước 3: Cuối cùng
Đáp án cuối cùng là Hemoglobin, đây là protein chính liên kết oxy trong cơ.","cuối cùng là Hemoglobin, đây là protein chính liên kết oxy trong cơ.",ollama,llama3.2,myoglobin,False,True,False,False,False,True
92,Nguyên tố nào có khả năng tạo liên kết nhiều nhất?,carbon,"Không chắc, tôi không thể trả lời chính xác.","step1: trả lời ngắn
Câu trả lời ngắn là: Oxy (O)

 step2: Tự kiểm:
- Có thể sai: Không có thông tin cụ thể về khả năng tạo liên kết của các nguyên tố khác so với oxy.

 step3: Dáp án cuối cùng
Đáp án cuối cùng là Oxygen (O), vì nó có khả năng tạo nhiều liên kết nhất trong các nguyên tử và phân tử.","cuối cùng là Oxygen (O), vì nó có khả năng tạo nhiều liên kết nhất trong các nguyên tử và phân tử.",ollama,llama3.2,carbon,False,True,False,False,False,True
93,Quá trình nào chuyển pyruvate thành acetyl-CoA?,pyruvate dehydrogenase,Quá trình chuyển pyruvate thành acetyl-CoA là quá trình chuyển hóa của enzyme pyruvate dehydrogenase (PDH).,"Bước 1: Nháp trả lời ngắn

Quá trình chuyển pyruvate thành acetyl-CoA là quá trình chuyển hóa trong metabolism của vi khuẩn và tế bào. Quá trình này xảy ra trong màng tế bào và được catalyzed bởi enzyme pyruvate dehydrogenase.

Bước 2: Tự kiểm tra

Điểm có thể sai hoặc thiếu:

- Không chắc chắn về enzym catalyzing quá trình
- Có thể không đề cập đến các chất phụ gia cần thiết cho quá trình này

Bước 3: Dáp án cuối cùng

Quá trình chuyển pyruvate thành acetyl-CoA được catalyzed bởi enzyme pyruvate dehydrogenase, và nó cần có các chất phụ gia như NAD+, CoA và lipoat. Quá trình này là một bước quan trọng trong metabolism của tế bào, giúp cung cấp năng lượng cho quá trình Krebs.

Nếu không chắc chắn, có thể nói rằng quá trình chuyển pyruvate thành acetyl-CoA là một quá trình phức tạp cần nhiều enzym và chất phụ gia khác nhau để xảy ra.","cuối cùng

Quá trình chuyển pyruvate thành acetyl-CoA được catalyzed bởi enzyme pyruvate dehydrogenase, và nó cần có các chất phụ gia như NAD+, CoA và lipoat. Quá trình này là một bước quan trọng trong metabolism của tế bào, giúp cung cấp năng lượng cho quá trình Krebs.

Nếu không chắc chắn, có thể nói rằng quá trình chuyển pyruvate thành acetyl-CoA là một quá trình phức tạp cần nhiều enzym và chất phụ gia khác nhau để xảy ra.",ollama,llama3.2,pyruvate dehydrogenase,True,False,False,True,True,False
94,Hạt nào có spin bằng 1/2?,electron,"Không chắc, nhưng các hạt cơ bản như proton và neutron đều có spin bằng 1/2.","Bước 1: Nháp
Hạt Hydrogen (Hy) có spin bằng 1/2.

Bước 2: Tự kiểm tra

* Điểm có thể sai hoặc thiếu:
 + Có thể không bao gồm tất cả các hạt có spin bằng 1/2.
 + Không đảm bảo rằng Hydrogen là hạt duy nhất có spin bằng 1/2.

Bước 3: Đáp án cuối cùng
Không chắc chắn về câu trả lời vì Hydrogen là một trong số ít nguyên tử có spin bằng 1/2, nhưng không phải là tất cả các hạt. Có thể cần thêm thông tin để xác định chính xác hạt nào có spin bằng 1/2.","cuối cùng
Không chắc chắn về câu trả lời vì Hydrogen là một trong số ít nguyên tử có spin bằng 1/2, nhưng không phải là tất cả các hạt. Có thể cần thêm thông tin để xác định chính xác hạt nào có spin bằng 1/2.",ollama,llama3.2,electron,False,True,False,False,True,False
95,Enzyme nào tổng hợp RNA?,RNA polymerase,Không chắc,"Đáp án: Ribozyme và một số enzyme khác.

Tuy nhiên, để đảm bảo tính chính xác, tôi cần tự kiểm tra lại thông tin sau đây:

*   Điểm có thể sai hoặc thiếu:
    *   Thứ nhất, cần kiểm tra xem ribozyme thực sự có tổng hợp RNA hay không. Một số nghiên cứu cho thấy ribozime có khả năng tham gia vào các phản ứng phân tử sinh học, nhưng không chắc liệu chúng có tổng hợp RNA hay không.
*   Thứ hai, tôi cần kiểm tra xem có enzyme nào khác ngoài ribozyme có thể tổng hợp RNA hay không.

Sau khi kiểm tra lại, tôi nhận thấy Ribozyme không phải là enzyme tổng hợp RNA. Enzyme có khả năng tổng hợp RNA thường được gọi là RNA polymerase hoặc một số enzyme tương tự như RNAse H.
Enzyme có tính chất này thực sự tham gia vào quá trình tổng hợp RNA.

Đáp án cuối cùng: RNA polymerase và các enzyme tương tự như RNAse H.

Nếu không chắc chắn, tôi sẽ nói rõ rằng tôi không chắc chắn về đáp án.","cuối cùng: RNA polymerase và các enzyme tương tự như RNAse H.

Nếu không chắc chắn, tôi sẽ nói rõ rằng tôi không chắc chắn về đáp án.",ollama,llama3.2,RNA polymerase,False,True,False,True,True,False
96,Nguyên tố nào có nhiệt dung riêng cao nhất?,hydrogen,Không chắc chắn.,"Giải:

Nhiệt dung riêng là số giá trị nhiệt dung riêng của một chất tại 0 độ C.

Original answer:

Cốm (C) có nhiệt dung riêng cao nhất.

Self-check:

* Điểm có thể sai hoặc thiếu:
+ Không chắc chắn về thông tin.
+ Có thể cần thêm thông tin hoặc giải thích chi tiết hơn.

Đáp án cuối cùng:

Không chắc chắn, vì tôi không tìm thấy thông tin cụ thể về nguyên tố có nhiệt dung riêng cao nhất. Tuy nhiên, một số nguyên tố có nhiệt dung riêng cao bao gồm Helium (He) và Hydrogen (H).","cuối cùng:

Không chắc chắn, vì tôi không tìm thấy thông tin cụ thể về nguyên tố có nhiệt dung riêng cao nhất. Tuy nhiên, một số nguyên tố có nhiệt dung riêng cao bao gồm Helium (He) và Hydrogen (H).",ollama,llama3.2,hydrogen,False,True,False,True,True,False
97,Vitamin nào cần thiết cho chức năng thần kinh?,vitamin B12,Vitamin B6 (Pyridoxine) là vitamin quan trọng cần thiết cho chức năng thần kinh trong cơ thể.,"Vitamin B12 là vitamin cần thiết cho chức năng thần kinh.

Tự kiểm:

- Có thể sai: Không đề cập đến vai trò của các loại vitamin khác như Vitamin D, Vitamin E...
- Thể hiện thiếu thông tin: Không đề cập đến các rối loạn do thiếu hụt vitamin B12.

Đáp án cuối cùng: Vitamin B12 là vitamin cần thiết cho chức năng thần kinh.",cuối cùng: Vitamin B12 là vitamin cần thiết cho chức năng thần kinh.,ollama,llama3.2,vitamin B12,False,False,True,True,False,False
98,Tế bào nào sản xuất calcitonin?,C cell,Calcitonin được sản xuất bởi tế bào parathyroid (các tuyến thượng thận) trong cơ thể con người.,"Bước 1: Nháp

Calcitonin là một loại hormone được sản xuất bởi tuyến thượng thận (thượng thận) và tuyến giáp (tuyến giáp). Calcitonin giúp kiểm soát mức độ canxi trong máu.

Bước 2: Tự kiểm

Điểm có thể sai hoặc thiếu:

- Có thể nhầm lẫn calcitonin với parathormone (PTH), hormone khác của tuyến thượng thận.
- Không chắc liệu calcitonin được sản xuất bởi cả tuyến thượng thận và tuyến giáp hay chỉ một trong hai.

Bước 3: Đáp án cuối cùng

Calcitonin được sản xuất bởi tuyến thượng thận.","cuối cùng

Calcitonin được sản xuất bởi tuyến thượng thận.",ollama,llama3.2,C cell,False,False,True,False,False,True
99,Nguyên tố nào tạo thành amino acid cysteine?,sulfur,Cysteine được tạo thành từ axit sulfuric (H2S) và glutamate (Glutamic acid).,"Đáp án: Sulfur (S)

Điểm có thể sai hoặc thiếu:

- Không phải tất cả các amino acid đều có sulfur.

Vậy đáp án cuối cùng là sulfur (S).",cuối cùng là sulfur (S).,ollama,llama3.2,sulfur,True,False,False,True,False,False
100,Hormone nào tăng huyết áp?,angiotensin II,"Nhưng tôi không có thông tin cụ thể về sự liên quan trực tiếp của bất kỳ hormone nào với việc tăng huyết áp. Tuy nhiên, một số hormone có thể ảnh hưởng đến hệ thống tuần hoàn và huyết áp, chẳng hạn như:

- Aldosterone: Hormone này được sản xuất bởi adrenal toàn phần và giúp kiểm soát lượng nước và điện giải trong cơ thể.
- Vasopressin (ADH): Hormone này giúp điều chỉnh lượng nước trong cơ thể và có thể ảnh hưởng đến huyết áp.

Tuy nhiên, tôi không chắc chắn về việc hormone nào tăng huyết áp cụ thể. Nếu bạn cần thông tin chính xác hơn, tôi khuyên bạn nên tham khảo các nguồn y tế hoặc khoa học uy tín.","Hormone tăng huyết áp là Aldosterone.

Điểm có thể sai hoặc thiếu:

- Không phải hormone duy nhất tăng huyết áp
- Có thể có những loại khác cũng liên quan

Đáp án cuối cùng: Aldosterone.",cuối cùng: Aldosterone.,ollama,llama3.2,angiotensin II,False,True,False,False,False,True
101,Loại sóng nào có tần số cao nhất?,tia gamma,Không chắc.,"Bước 1: Nháp
Loại sóng có tần số cao nhất là sóng rìa ánh sáng (photon).

Bước 2: Tự kiểm
Điểm có thể sai hoặc thiếu:
- Có thể không phân biệt rõ giữa sóng rìa ánh sáng và các loại sóng khác như sóng radio, sóng microwaves...
- Không chắc chắn về định nghĩa của tần số cao nhất.

Bước 3: Cuối cùng
Dáp án cuối cùng là sóng rìa ánh sáng (photon) vì tần số của photon là khoảng 10^16 Hz - 10^19 Hz.",cuối cùng là sóng rìa ánh sáng (photon) vì tần số của photon là khoảng 10^16 Hz - 10^19 Hz.,ollama,llama3.2,tia gamma,False,True,False,False,False,True
102,Protein nào chính trong móng tay?,keratin,"Không chắc chắn. Móng tay được cấu thành từ các protein khác nhau như keratin, collagen, elastin... nhưng không có thông tin cụ thể về protein chính trong móng tay.","Bước 1: Trả lời ngắn

Protein chính trong móng tay là Keratin.

Bước 2: Tự kiểm

Điểm có thể sai hoặc thiếu:

- Có thể không đề cập đến các loại protein khác cũng tham gia vào cấu trúc móng tay.
- Không chắc chắn về tỷ lệ phần trăm của mỗi protein trong móng tay.

Bước 3: Đáp án cuối cùng

Keratin là một loại protein quan trọng đóng vai trò chính trong cấu trúc và sức mạnh của móng tay. Nó cũng được tìm thấy trong các cơ quan khác của cơ thể như da, tóc và râu. Tuy nhiên, không có thông tin cụ thể về tỷ lệ phần trăm của Keratin trong móng tay.","cuối cùng

Keratin là một loại protein quan trọng đóng vai trò chính trong cấu trúc và sức mạnh của móng tay. Nó cũng được tìm thấy trong các cơ quan khác của cơ thể như da, tóc và râu. Tuy nhiên, không có thông tin cụ thể về tỷ lệ phần trăm của Keratin trong móng tay.",ollama,llama3.2,keratin,True,True,False,True,False,False
103,Nguyên tố nào có năng lượng liên kết cao nhất?,sắt,"Không chắc, vì tôi không thể cung cấp thông tin chính xác về các nguyên tố và mối quan hệ giữa chúng. Tuy nhiên, thường, các nguyên tố trong bảngPeriodic có năng lượng liên kết khác nhau tùy thuộc vào vị trí của chúng trên bảng và số proton và neutron trong nguyên tử.","Nguyên tố có năng lượng liên kết cao nhất là Oxy (O) với năng lượng liên kết trung bình 491 kJ/mol.

Điểm có thể sai hoặc thiếu:

- Không kiểm tra chính xác tính tương đối so với các nguyên tố khác.
- Không kiểm tra xem có một số nguyên tố nào có năng lượng liên kết cao hơn O hay không.

Vậy, đáp án cuối cùng là: Oxy (O)",cuối cùng là: Oxy (O),ollama,llama3.2,sắt,False,True,False,False,False,True
104,Quá trình nào tạo urea từ ammonia?,chu trình urea,Quá trình tạo urea từ ammonia được gọi là quá trình Haber - Bosch. Đây là quá trình hóa học trong đó hai mol ammonia (NH3) và một mol khí nitơ (N2) phản ứng với nhiệt và áp suất cao để tạo ra một mol urea (CO(NH2)2). Quá trình này được phát minh bởi Fritz Haber và Carl Bosch vào năm 1909.,"Bước 1: Nháp
Quá trình tạo urea từ ammonia là quá trình chuyển hóa ammonia thành urea thông qua sự tham gia của các enzyme và các chất phụ trợ. Quá trình này xảy ra trong thận của động vật, đặc biệt là ở người và nhiều loài động vật khác.

Bước 2: Tự kiểm tra
Điểm có thể sai hoặc thiếu:

- Quá trình chuyển hóa ammonia thành urea là một quá trình phức tạp và cần sự tham gia của các enzyme và các chất phụ trợ.
- Quá trình này xảy ra trong thận của động vật, nhưng cũng có thể xảy ra trong các loại vi khuẩn khác nhau.

Bước 3: Đáp án cuối cùng
Quá trình tạo urea từ ammonia là quá trình chuyển hóa ammonia thành urea thông qua sự tham gia của enzyme urease (nên gọi đúng là enzymase) và các chất phụ trợ. Quá trình này xảy ra trong thận của động vật, đặc biệt là ở người và nhiều loài động vật khác. Tuy nhiên, cũng cần lưu ý rằng quá trình này có thể xảy ra trong các loại vi khuẩn khác nhau.","cuối cùng
Quá trình tạo urea từ ammonia là quá trình chuyển hóa ammonia thành urea thông qua sự tham gia của enzyme urease (nên gọi đúng là enzymase) và các chất phụ trợ. Quá trình này xảy ra trong thận của động vật, đặc biệt là ở người và nhiều loài động vật khác. Tuy nhiên, cũng cần lưu ý rằng quá trình này có thể xảy ra trong các loại vi khuẩn khác nhau.",ollama,llama3.2,chu trình urea,False,False,True,False,True,False
105,Hạt nào có thời gian sống ngắn nhất?,muon,"Không chắc chắn, tôi không tìm thấy thông tin cụ thể về hạt có thời gian sống ngắn nhất.","Hạt sâm (Arundo donax) là một loại cây thân thảo, khi còn non có thể sống được đến 10 năm, nhưng khi trưởng thành chỉ sống khoảng 1 - 3 tháng. Điều này là do hạt của cây này rất nhỏ và dễ bị chết mòn.

Tuy nhiên, cần lưu ý rằng thời gian sống của hạt phụ thuộc vào nhiều yếu tố như điều kiện môi trường, nhiệt độ, độ ẩm và các yếu tố khác. Vì vậy, có thể có những loại hạt khác cũng có thời gian sống ngắn hơn.","Hạt sâm (Arundo donax) là một loại cây thân thảo, khi còn non có thể sống được đến 10 năm, nhưng khi trưởng thành chỉ sống khoảng 1 - 3 tháng. Điều này là do hạt của cây này rất nhỏ và dễ bị chết mòn.

Tuy nhiên, cần lưu ý rằng thời gian sống của hạt phụ thuộc vào nhiều yếu tố như điều kiện môi trường, nhiệt độ, độ ẩm và các yếu tố khác. Vì vậy, có thể có những loại hạt khác cũng có thời gian sống ngắn hơn.",ollama,llama3.2,muon,False,True,False,False,True,False
106,Enzyme nào phân hủy hydrogen peroxide?,catalase,Enzyme Hydrogen peroxidase (H2O2) phân hủy hydrogen peroxide.,"Enzyme phân hủy hydrogen peroxide là Catalase.

Điểm có thể sai hoặc thiếu:

- Không rõ enzym này hoạt động trong bộ phận gì của cơ thể (có thể là gan, phổi,...)
- Không rõ enzym này được sử dụng để phân hủy hydrogen peroxide ở đâu (có thể là trong quá trình trao đổi chất, bảo vệ tế bào,...)

Đáp án cuối cùng: Catalase.",cuối cùng: Catalase.,ollama,llama3.2,catalase,False,False,True,True,False,False
107,Nguyên tố nào có tính dẫn nhiệt tốt nhất?,kim cương,"Không chắc, vì tính dẫn nhiệt phụ thuộc vào nhiều yếu tố như hình dạng, độ dày và chất liệu của nguyên tố. Tuy nhiên, các kim loại như đồng, nhôm và bạc thường được biết đến là có tính dẫn nhiệt tốt.","Đáp án: Krypton (Kr)

Tính dẫn nhiệt của các nguyên tố thay đổi theo độ dầy và cấu trúc tinh thể. Krypton là một gas Noble Gas, có tính dẫn nhiệt cao do mật độ nguyên tử cao.

Tuy nhiên, cần lưu ý rằng không có nguyên tố nào có tính dẫn nhiệt tốt nhất hoàn toàn, vì mỗi nguyên tố đều có ưu điểm và nhược điểm riêng.

Cơ sở dữ liệu của tôi cho biết Krypton có số dẫn nhiệt nhiệt (k) là 5.28 W/mK.","Đáp án: Krypton (Kr)

Tính dẫn nhiệt của các nguyên tố thay đổi theo độ dầy và cấu trúc tinh thể. Krypton là một gas Noble Gas, có tính dẫn nhiệt cao do mật độ nguyên tử cao.

Tuy nhiên, cần lưu ý rằng không có nguyên tố nào có tính dẫn nhiệt tốt nhất hoàn toàn, vì mỗi nguyên tố đều có ưu điểm và nhược điểm riêng.

Cơ sở dữ liệu của tôi cho biết Krypton có số dẫn nhiệt nhiệt (k) là 5.28 W/mK.",ollama,llama3.2,kim cương,False,True,False,False,False,True
108,Vitamin nào cần thiết cho tổng hợp DNA?,folate,Vitamin B12 là vitamin cần thiết cho tổng hợp DNA.,"Vitamin D là một trong những vitamin quan trọng nhất cần thiết cho tổng hợp DNA.

Điểm có thể sai hoặc thiếu:

- Không phải tất cả các vitamin đều liên quan đến tổng hợp DNA. Ví dụ, vitamin C và K không được coi là các vitamin cần thiết cho quá trình này.
- Có thể có nhiều vitamin khác ngoài vitamin D cũng tham gia vào quá trình tổng hợp DNA, nhưng vai trò của chúng không được như vitamin D.

Vitamin D là một chất dinh dưỡng quan trọng mà cơ thể sử dụng để sản xuất hormone và tham gia vào nhiều chức năng sinh học khác nhau. Nó giúp kiểm soát lượng calo trong máu và cũng có vai trò trong việc hình thành và duy trì hệ thống xương, bao gồm cả quá trình tổng hợp DNA.

Vitamin D không phải là một vitamin thông thường được nhắc đến khi nói về các vitamin cần thiết cho cơ thể con người. Tuy nhiên, nó đóng vai trò quan trọng trong việc đảm bảo sức khỏe tổng thể của chúng ta, bao gồm cả quá trình tổng hợp DNA.

Vitamin D cũng có thể được tạo ra bởi ánh sáng mặt trời và không phải lúc nào cũng cần bổ sung qua thực phẩm hoặc thuốc.

Tổng kết lại, Vitamin D là một chất dinh dưỡng quan trọng giúp cơ thể sản xuất hormone và tham gia vào nhiều chức năng sinh học khác nhau, bao gồm cả tổng hợp DNA.","Vitamin D là một trong những vitamin quan trọng nhất cần thiết cho tổng hợp DNA.

Điểm có thể sai hoặc thiếu:

- Không phải tất cả các vitamin đều liên quan đến tổng hợp DNA. Ví dụ, vitamin C và K không được coi là các vitamin cần thiết cho quá trình này.
- Có thể có nhiều vitamin khác ngoài vitamin D cũng tham gia vào quá trình tổng hợp DNA, nhưng vai trò của chúng không được như vitamin D.

Vitamin D là một chất dinh dưỡng quan trọng mà cơ thể sử dụng để sản xuất hormone và tham gia vào nhiều chức năng sinh học khác nhau. Nó giúp kiểm soát lượng calo trong máu và cũng có vai trò trong việc hình thành và duy trì hệ thống xương, bao gồm cả quá trình tổng hợp DNA.

Vitamin D không phải là một vitamin thông thường được nhắc đến khi nói về các vitamin cần thiết cho cơ thể con người. Tuy nhiên, nó đóng vai trò quan trọng trong việc đảm bảo sức khỏe tổng thể của chúng ta, bao gồm cả quá trình tổng hợp DNA.

Vitamin D cũng có thể được tạo ra bởi ánh sáng mặt trời và không phải lúc nào cũng cần bổ sung qua thực phẩm hoặc thuốc.

Tổng kết lại, Vitamin D là một chất dinh dưỡng quan trọng giúp cơ thể sản xuất hormone và tham gia vào nhiều chức năng sinh học khác nhau, bao gồm cả tổng hợp DNA.",ollama,llama3.2,folate,False,False,True,False,True,False
109,Tế bào nào sản xuất erythropoietin?,kidney cell,Tế bào nội mô trong thận và phổi sản xuất erythropoietin (EPO).,"Đáp án: Tế bào thận.

Phân tích:

- Điểm có thể sai hoặc thiếu:
  - Không rõ liệu tất cả các loại tế bào trong thận hay chỉ một số loại cụ thể có thể sản xuất erythropoietin.
  - Có cần phải cung cấp thêm thông tin về chức năng của erythropoietin không?

- Dáp án cuối cùng: Tế bào thận là một phần của mô não bộ, và chính nó mà chúng ta đang tìm kiếm. Tuy nhiên, cần lưu ý rằng một số nghiên cứu cũng cho biết rằng các tế bào khác như gan, phổi, tim có thể có khả năng sản xuất erythropoietin do sự tương tác giữa các loại tế bào trong cơ thể.

- Đáp án cuối cùng: Tế bào thận và một số loại tế bào khác.",cuối cùng: Tế bào thận và một số loại tế bào khác.,ollama,llama3.2,kidney cell,False,False,True,False,False,True
